case_id,trial,models_observed,complete,status_count_agreement,all_strict_status_correct,outcomes_json,case_wall_ms_range,semantic_agreement
A01,1,6,True,False,False,"{""full_m01"": {""status"": ""action"", ""actions"": 1, ""strict_status_correct"": true, ""wall_ms"": 2419.302200083621, ""estimated_cost_usd"": 0.0002471}, ""full_m02"": {""status"": ""action"", ""actions"": 1, ""strict_status_correct"": true, ""wall_ms"": 28347.058900049888, ""estimated_cost_usd"": 0.0010597999999999998}, ""full_m03"": {""status"": ""needs_review"", ""actions"": 0, ""strict_status_correct"": false, ""wall_ms"": 3154.9947999883443, ""estimated_cost_usd"": 0.0019695}, ""full_m04"": {""status"": ""action"", ""actions"": 1, ""strict_status_correct"": true, ""wall_ms"": 13311.13839999307, ""estimated_cost_usd"": 0.00793575}, ""full_m05"": {""status"": ""action"", ""actions"": 1, ""strict_status_correct"": true, ""wall_ms"": 3850.6695999531075, ""estimated_cost_usd"": 0.004482}, ""full_m06"": {""status"": ""action"", ""actions"": 1, ""strict_status_correct"": true, ""wall_ms"": 2942.642799927853, ""estimated_cost_usd"": 0.006266}}","[2419.302200083621, 28347.058900049888]",
A03,1,6,True,False,False,"{""full_m01"": {""status"": ""action"", ""actions"": 1, ""strict_status_correct"": true, ""wall_ms"": 4440.98630012013, ""estimated_cost_usd"": 0.0002192}, ""full_m02"": {""status"": ""action"", ""actions"": 1, ""strict_status_correct"": true, ""wall_ms"": 11049.668399849907, ""estimated_cost_usd"": 0.0005675}, ""full_m03"": {""status"": ""needs_review"", ""actions"": 0, ""strict_status_correct"": false, ""wall_ms"": 2799.025399959646, ""estimated_cost_usd"": 0.0018945}, ""full_m04"": {""status"": ""action"", ""actions"": 1, ""strict_status_correct"": true, ""wall_ms"": 12720.613400102593, ""estimated_cost_usd"": 0.0076875}, ""full_m05"": {""status"": ""action"", ""actions"": 1, ""strict_status_correct"": true, ""wall_ms"": 4089.200700051151, ""estimated_cost_usd"": 0.004314}, ""full_m06"": {""status"": ""action"", ""actions"": 1, ""strict_status_correct"": true, ""wall_ms"": 2515.6005000462756, ""estimated_cost_usd"": 0.006086}}","[2515.6005000462756, 12720.613400102593]",
A06,1,6,True,False,False,"{""full_m01"": {""status"": ""action"", ""actions"": 1, ""strict_status_correct"": true, ""wall_ms"": 2768.2904000394046, ""estimated_cost_usd"": 0.0002602}, ""full_m02"": {""status"": ""action"", ""actions"": 1, ""strict_status_correct"": true, ""wall_ms"": 32905.34169995226, ""estimated_cost_usd"": 0.00154835}, ""full_m03"": {""status"": ""needs_review"", ""actions"": 0, ""strict_status_correct"": false, ""wall_ms"": 3223.7175999907777, ""estimated_cost_usd"": 0.0020886}, ""full_m04"": {""status"": ""action"", ""actions"": 1, ""strict_status_correct"": true, ""wall_ms"": 16085.764500079677, ""estimated_cost_usd"": 0.00966525}, ""full_m05"": {""status"": ""action"", ""actions"": 1, ""strict_status_correct"": true, ""wall_ms"": 3695.7047999603674, ""estimated_cost_usd"": 0.004144}, ""full_m06"": {""status"": ""action"", ""actions"": 1, ""strict_status_correct"": true, ""wall_ms"": 6479.859699960798, ""estimated_cost_usd"": 0.00921}}","[2768.2904000394046, 32905.34169995226]",
A08,1,6,True,False,False,"{""full_m01"": {""status"": ""action"", ""actions"": 1, ""strict_status_correct"": true, ""wall_ms"": 4176.707800128497, ""estimated_cost_usd"": 0.0002341}, ""full_m02"": {""status"": ""action"", ""actions"": 1, ""strict_status_correct"": true, ""wall_ms"": 30667.191799962893, ""estimated_cost_usd"": 0.0019527499999999998}, ""full_m03"": {""status"": ""needs_review"", ""actions"": 0, ""strict_status_correct"": false, ""wall_ms"": 2669.4444998865947, ""estimated_cost_usd"": 0.0018300999999999999}, ""full_m04"": {""status"": ""action"", ""actions"": 1, ""strict_status_correct"": true, ""wall_ms"": 13703.98150011897, ""estimated_cost_usd"": 0.008349}, ""full_m05"": {""status"": ""action"", ""actions"": 1, ""strict_status_correct"": true, ""wall_ms"": 3978.0811000382528, ""estimated_cost_usd"": 0.004322}, ""full_m06"": {""status"": ""action"", ""actions"": 1, ""strict_status_correct"": true, ""wall_ms"": 2630.4632999235764, ""estimated_cost_usd"": 0.00591}}","[2630.4632999235764, 30667.191799962893]",
A09,1,6,True,False,False,"{""full_m01"": {""status"": ""action"", ""actions"": 1, ""strict_status_correct"": true, ""wall_ms"": 3042.8260000189766, ""estimated_cost_usd"": 0.0002546}, ""full_m02"": {""status"": ""action"", ""actions"": 1, ""strict_status_correct"": true, ""wall_ms"": 14431.463500019163, ""estimated_cost_usd"": 0.0005056}, ""full_m03"": {""status"": ""needs_review"", ""actions"": 0, ""strict_status_correct"": false, ""wall_ms"": 2762.3860999010503, ""estimated_cost_usd"": 0.0018244}, ""full_m04"": {""status"": ""action"", ""actions"": 1, ""strict_status_correct"": true, ""wall_ms"": 13112.09160008002, ""estimated_cost_usd"": 0.00789}, ""full_m05"": {""status"": ""action"", ""actions"": 1, ""strict_status_correct"": true, ""wall_ms"": 3931.266100029461, ""estimated_cost_usd"": 0.004852}, ""full_m06"": {""status"": ""action"", ""actions"": 1, ""strict_status_correct"": true, ""wall_ms"": 2825.153599958867, ""estimated_cost_usd"": 0.00661}}","[2762.3860999010503, 14431.463500019163]",
A11,1,6,True,False,False,"{""full_m01"": {""status"": ""action"", ""actions"": 1, ""strict_status_correct"": true, ""wall_ms"": 3400.5691000493243, ""estimated_cost_usd"": 0.00021889999999999998}, ""full_m02"": {""status"": ""action"", ""actions"": 1, ""strict_status_correct"": true, ""wall_ms"": 21252.829500008374, ""estimated_cost_usd"": 0.0006008}, ""full_m03"": {""status"": ""needs_review"", ""actions"": 0, ""strict_status_correct"": false, ""wall_ms"": 2793.897399911657, ""estimated_cost_usd"": 0.0019087000000000002}, ""full_m04"": {""status"": ""action"", ""actions"": 1, ""strict_status_correct"": true, ""wall_ms"": 9653.202200075611, ""estimated_cost_usd"": 0.00614625}, ""full_m05"": {""status"": ""action"", ""actions"": 1, ""strict_status_correct"": true, ""wall_ms"": 3603.317500092089, ""estimated_cost_usd"": 0.003868}, ""full_m06"": {""status"": ""action"", ""actions"": 1, ""strict_status_correct"": true, ""wall_ms"": 3286.7362999822944, ""estimated_cost_usd"": 0.00603}}","[2793.897399911657, 21252.829500008374]",
A16,1,6,True,False,False,"{""full_m01"": {""status"": ""action"", ""actions"": 2, ""strict_status_correct"": true, ""wall_ms"": 2624.123699963093, ""estimated_cost_usd"": 0.0002441}, ""full_m02"": {""status"": ""action"", ""actions"": 2, ""strict_status_correct"": true, ""wall_ms"": 13286.062800092623, ""estimated_cost_usd"": 0.000623}, ""full_m03"": {""status"": ""needs_review"", ""actions"": 0, ""strict_status_correct"": false, ""wall_ms"": 3113.468199968338, ""estimated_cost_usd"": 0.0022617999999999996}, ""full_m04"": {""status"": ""action"", ""actions"": 2, ""strict_status_correct"": true, ""wall_ms"": 13733.534500002861, ""estimated_cost_usd"": 0.00815775}, ""full_m05"": {""status"": ""action"", ""actions"": 2, ""strict_status_correct"": true, ""wall_ms"": 4239.460400072858, ""estimated_cost_usd"": 0.004772}, ""full_m06"": {""status"": ""action"", ""actions"": 2, ""strict_status_correct"": true, ""wall_ms"": 2697.8656999999657, ""estimated_cost_usd"": 0.006412}}","[2624.123699963093, 13733.534500002861]",
A17,1,6,True,True,True,"{""full_m01"": {""status"": ""needs_review"", ""actions"": 0, ""strict_status_correct"": true, ""wall_ms"": 2125.332099967636, ""estimated_cost_usd"": 0.0002131}, ""full_m02"": {""status"": ""needs_review"", ""actions"": 0, ""strict_status_correct"": true, ""wall_ms"": 4092.846399988048, ""estimated_cost_usd"": 0.00049025}, ""full_m03"": {""status"": ""needs_review"", ""actions"": 0, ""strict_status_correct"": true, ""wall_ms"": 2638.5407999623567, ""estimated_cost_usd"": 0.0014881}, ""full_m04"": {""status"": ""needs_review"", ""actions"": 0, ""strict_status_correct"": true, ""wall_ms"": 11743.063999922015, ""estimated_cost_usd"": 0.006981}, ""full_m05"": {""status"": ""needs_review"", ""actions"": 0, ""strict_status_correct"": true, ""wall_ms"": 3650.865099974908, ""estimated_cost_usd"": 0.003632}, ""full_m06"": {""status"": ""needs_review"", ""actions"": 0, ""strict_status_correct"": true, ""wall_ms"": 2554.966599913314, ""estimated_cost_usd"": 0.005834}}","[2125.332099967636, 11743.063999922015]",
A18,1,6,True,False,False,"{""full_m01"": {""status"": ""needs_review"", ""actions"": 0, ""strict_status_correct"": true, ""wall_ms"": 4100.594099843875, ""estimated_cost_usd"": 0.0002127}, ""full_m02"": {""status"": ""needs_review"", ""actions"": 0, ""strict_status_correct"": true, ""wall_ms"": 8660.18299991265, ""estimated_cost_usd"": 0.0006296499999999999}, ""full_m03"": {""status"": ""needs_review"", ""actions"": 0, ""strict_status_correct"": true, ""wall_ms"": 2231.429199804552, ""estimated_cost_usd"": 0.0013787}, ""full_m04"": {""status"": ""action"", ""actions"": 1, ""strict_status_correct"": false, ""wall_ms"": 21397.075500222854, ""estimated_cost_usd"": 0.01296075}, ""full_m05"": {""status"": ""needs_review"", ""actions"": 0, ""strict_status_correct"": true, ""wall_ms"": 3188.598099979572, ""estimated_cost_usd"": 0.003554}, ""full_m06"": {""status"": ""needs_review"", ""actions"": 0, ""strict_status_correct"": true, ""wall_ms"": 2341.762499883771, ""estimated_cost_usd"": 0.005386}}","[2231.429199804552, 21397.075500222854]",
A19,1,6,True,True,True,"{""full_m01"": {""status"": ""needs_review"", ""actions"": 0, ""strict_status_correct"": true, ""wall_ms"": 2007.2171998908743, ""estimated_cost_usd"": 0.00019279999999999997}, ""full_m02"": {""status"": ""needs_review"", ""actions"": 0, ""strict_status_correct"": true, ""wall_ms"": 22937.764699803665, ""estimated_cost_usd"": 0.0015208499999999998}, ""full_m03"": {""status"": ""needs_review"", ""actions"": 0, ""strict_status_correct"": true, ""wall_ms"": 2142.9894998436794, ""estimated_cost_usd"": 0.0013881999999999998}, ""full_m04"": {""status"": ""needs_review"", ""actions"": 0, ""strict_status_correct"": true, ""wall_ms"": 13200.39079990238, ""estimated_cost_usd"": 0.0081075}, ""full_m05"": {""status"": ""needs_review"", ""actions"": 0, ""strict_status_correct"": true, ""wall_ms"": 3654.8955999314785, ""estimated_cost_usd"": 0.003346}, ""full_m06"": {""status"": ""needs_review"", ""actions"": 0, ""strict_status_correct"": true, ""wall_ms"": 2358.3165999734774, ""estimated_cost_usd"": 0.005634}}","[2007.2171998908743, 22937.764699803665]",
A20,1,6,True,True,True,"{""full_m01"": {""status"": ""needs_review"", ""actions"": 0, ""strict_status_correct"": true, ""wall_ms"": 2588.0093998275697, ""estimated_cost_usd"": 0.00020289999999999997}, ""full_m02"": {""status"": ""needs_review"", ""actions"": 0, ""strict_status_correct"": true, ""wall_ms"": 14094.935100176372, ""estimated_cost_usd"": 0.0010654}, ""full_m03"": {""status"": ""needs_review"", ""actions"": 0, ""strict_status_correct"": true, ""wall_ms"": 3024.702399969101, ""estimated_cost_usd"": 0.0020426}, ""full_m04"": {""status"": ""needs_review"", ""actions"": 0, ""strict_status_correct"": true, ""wall_ms"": 31383.259400026873, ""estimated_cost_usd"": 0.01753875}, ""full_m05"": {""status"": ""needs_review"", ""actions"": 0, ""strict_status_correct"": true, ""wall_ms"": 3994.878599885851, ""estimated_cost_usd"": 0.003908}, ""full_m06"": {""status"": ""needs_review"", ""actions"": 0, ""strict_status_correct"": true, ""wall_ms"": 2308.62949998118, ""estimated_cost_usd"": 0.005706}}","[2308.62949998118, 31383.259400026873]",
A21,1,6,True,False,False,"{""full_m01"": {""status"": ""action"", ""actions"": 1, ""strict_status_correct"": true, ""wall_ms"": 2705.8585000922903, ""estimated_cost_usd"": 0.000206}, ""full_m02"": {""status"": ""action"", ""actions"": 1, ""strict_status_correct"": true, ""wall_ms"": 19661.298000020906, ""estimated_cost_usd"": 0.0008343999999999999}, ""full_m03"": {""status"": ""needs_review"", ""actions"": 0, ""strict_status_correct"": false, ""wall_ms"": 2823.244799859822, ""estimated_cost_usd"": 0.0019240999999999998}, ""full_m04"": {""status"": ""action"", ""actions"": 1, ""strict_status_correct"": true, ""wall_ms"": 12920.377000235021, ""estimated_cost_usd"": 0.0078615}, ""full_m05"": {""status"": ""action"", ""actions"": 1, ""strict_status_correct"": true, ""wall_ms"": 2995.655499980785, ""estimated_cost_usd"": 0.00372}, ""full_m06"": {""status"": ""action"", ""actions"": 1, ""strict_status_correct"": true, ""wall_ms"": 2800.0124000245705, ""estimated_cost_usd"": 0.005968}}","[2705.8585000922903, 19661.298000020906]",
A22,1,6,True,False,False,"{""full_m01"": {""status"": ""action"", ""actions"": 1, ""strict_status_correct"": true, ""wall_ms"": 4522.1733001526445, ""estimated_cost_usd"": 0.0002455}, ""full_m02"": {""status"": ""action"", ""actions"": 1, ""strict_status_correct"": true, ""wall_ms"": 7513.172099832445, ""estimated_cost_usd"": 0.00058295}, ""full_m03"": {""status"": ""needs_review"", ""actions"": 0, ""strict_status_correct"": false, ""wall_ms"": 3408.8919998612255, ""estimated_cost_usd"": 0.0020254}, ""full_m04"": {""status"": ""action"", ""actions"": 1, ""strict_status_correct"": true, ""wall_ms"": 13576.832900056615, ""estimated_cost_usd"": 0.007958999999999999}, ""full_m05"": {""status"": ""action"", ""actions"": 1, ""strict_status_correct"": true, ""wall_ms"": 4384.203499997966, ""estimated_cost_usd"": 0.00443}, ""full_m06"": {""status"": ""action"", ""actions"": 1, ""strict_status_correct"": true, ""wall_ms"": 3058.461699867621, ""estimated_cost_usd"": 0.006262}}","[3058.461699867621, 13576.832900056615]",
A23,1,6,True,False,False,"{""full_m01"": {""status"": ""action"", ""actions"": 1, ""strict_status_correct"": true, ""wall_ms"": 3314.378200098872, ""estimated_cost_usd"": 0.000217}, ""full_m02"": {""status"": ""action"", ""actions"": 1, ""strict_status_correct"": true, ""wall_ms"": 7257.778599858284, ""estimated_cost_usd"": 0.00041435}, ""full_m03"": {""status"": ""needs_review"", ""actions"": 0, ""strict_status_correct"": false, ""wall_ms"": 2737.637300277129, ""estimated_cost_usd"": 0.0017224999999999999}, ""full_m04"": {""status"": ""action"", ""actions"": 1, ""strict_status_correct"": true, ""wall_ms"": 10907.036500051618, ""estimated_cost_usd"": 0.00725775}, ""full_m05"": {""status"": ""action"", ""actions"": 1, ""strict_status_correct"": true, ""wall_ms"": 4399.819199927151, ""estimated_cost_usd"": 0.00399}, ""full_m06"": {""status"": ""action"", ""actions"": 1, ""strict_status_correct"": true, ""wall_ms"": 2462.6481999875978, ""estimated_cost_usd"": 0.005948}}","[2462.6481999875978, 10907.036500051618]",
A24,1,6,True,False,False,"{""full_m01"": {""status"": ""action"", ""actions"": 1, ""strict_status_correct"": true, ""wall_ms"": 3424.5450000744313, ""estimated_cost_usd"": 0.00020869999999999998}, ""full_m02"": {""status"": ""action"", ""actions"": 1, ""strict_status_correct"": true, ""wall_ms"": 24046.647600014694, ""estimated_cost_usd"": 0.0010577}, ""full_m03"": {""status"": ""needs_review"", ""actions"": 0, ""strict_status_correct"": false, ""wall_ms"": 2881.143599981442, ""estimated_cost_usd"": 0.0019658}, ""full_m04"": {""status"": ""action"", ""actions"": 1, ""strict_status_correct"": true, ""wall_ms"": 13415.292300051078, ""estimated_cost_usd"": 0.00836925}, ""full_m05"": {""status"": ""action"", ""actions"": 1, ""strict_status_correct"": true, ""wall_ms"": 3582.969499984756, ""estimated_cost_usd"": 0.003854}, ""full_m06"": {""status"": ""action"", ""actions"": 1, ""strict_status_correct"": true, ""wall_ms"": 4031.414500088431, ""estimated_cost_usd"": 0.007398}}","[2881.143599981442, 24046.647600014694]",
C02,1,6,True,False,False,"{""full_m01"": {""status"": ""action"", ""actions"": 1, ""strict_status_correct"": true, ""wall_ms"": 6888.469600002281, ""estimated_cost_usd"": 0.0005076}, ""full_m02"": {""status"": ""needs_review"", ""actions"": 0, ""strict_status_correct"": false, ""wall_ms"": 48535.430300049484, ""estimated_cost_usd"": null}, ""full_m03"": {""status"": ""needs_review"", ""actions"": 0, ""strict_status_correct"": false, ""wall_ms"": 3637.7181998686865, ""estimated_cost_usd"": 0.0022176}, ""full_m04"": {""status"": ""action"", ""actions"": 1, ""strict_status_correct"": true, ""wall_ms"": 20353.466000175104, ""estimated_cost_usd"": 0.0120675}, ""full_m05"": {""status"": ""action"", ""actions"": 1, ""strict_status_correct"": true, ""wall_ms"": 4896.802600007504, ""estimated_cost_usd"": 0.005862}, ""full_m06"": {""status"": ""action"", ""actions"": 1, ""strict_status_correct"": true, ""wall_ms"": 3353.407599963248, ""estimated_cost_usd"": 0.00789}}","[3353.407599963248, 48535.430300049484]",
C03,1,6,True,False,False,"{""full_m01"": {""status"": ""action"", ""actions"": 1, ""strict_status_correct"": true, ""wall_ms"": 3807.4695001123473, ""estimated_cost_usd"": 0.0002942}, ""full_m02"": {""status"": ""needs_review"", ""actions"": 0, ""strict_status_correct"": false, ""wall_ms"": 42852.45280014351, ""estimated_cost_usd"": null}, ""full_m03"": {""status"": ""needs_review"", ""actions"": 0, ""strict_status_correct"": false, ""wall_ms"": 2738.9574997359887, ""estimated_cost_usd"": 0.0018012000000000002}, ""full_m04"": {""status"": ""action"", ""actions"": 1, ""strict_status_correct"": true, ""wall_ms"": 10512.581799877807, ""estimated_cost_usd"": 0.0060765}, ""full_m05"": {""status"": ""action"", ""actions"": 1, ""strict_status_correct"": true, ""wall_ms"": 3526.058300049044, ""estimated_cost_usd"": 0.003854}, ""full_m06"": {""status"": ""action"", ""actions"": 1, ""strict_status_correct"": true, ""wall_ms"": 3143.738600076176, ""estimated_cost_usd"": 0.006174}}","[2738.9574997359887, 42852.45280014351]",
C04,1,6,True,False,False,"{""full_m01"": {""status"": ""no_action"", ""actions"": 0, ""strict_status_correct"": true, ""wall_ms"": 6954.137699911371, ""estimated_cost_usd"": 0.0004106}, ""full_m02"": {""status"": ""no_action"", ""actions"": 0, ""strict_status_correct"": true, ""wall_ms"": 14138.632000074722, ""estimated_cost_usd"": 0.001206}, ""full_m03"": {""status"": ""needs_review"", ""actions"": 0, ""strict_status_correct"": false, ""wall_ms"": 2238.454399863258, ""estimated_cost_usd"": 0.0016232999999999998}, ""full_m04"": {""status"": ""no_action"", ""actions"": 0, ""strict_status_correct"": true, ""wall_ms"": 16129.545999923721, ""estimated_cost_usd"": 0.009846750000000001}, ""full_m05"": {""status"": ""no_action"", ""actions"": 0, ""strict_status_correct"": true, ""wall_ms"": 3810.1589002180845, ""estimated_cost_usd"": 0.004522}, ""full_m06"": {""status"": ""no_action"", ""actions"": 0, ""strict_status_correct"": true, ""wall_ms"": 2461.165899876505, ""estimated_cost_usd"": 0.006612}}","[2238.454399863258, 16129.545999923721]",
C06,1,6,True,False,False,"{""full_m01"": {""status"": ""action"", ""actions"": 1, ""strict_status_correct"": true, ""wall_ms"": 4011.866199900396, ""estimated_cost_usd"": 0.0003335}, ""full_m02"": {""status"": ""action"", ""actions"": 1, ""strict_status_correct"": true, ""wall_ms"": 30578.18749989383, ""estimated_cost_usd"": 0.00102885}, ""full_m03"": {""status"": ""needs_review"", ""actions"": 0, ""strict_status_correct"": false, ""wall_ms"": 3320.167100057006, ""estimated_cost_usd"": 0.0022546}, ""full_m04"": {""status"": ""action"", ""actions"": 1, ""strict_status_correct"": true, ""wall_ms"": 14867.588799912483, ""estimated_cost_usd"": 0.00962175}, ""full_m05"": {""status"": ""action"", ""actions"": 1, ""strict_status_correct"": true, ""wall_ms"": 4109.132800018415, ""estimated_cost_usd"": 0.00516}, ""full_m06"": {""status"": ""action"", ""actions"": 1, ""strict_status_correct"": true, ""wall_ms"": 2971.255599986762, ""estimated_cost_usd"": 0.007566}}","[2971.255599986762, 30578.18749989383]",
C08,1,6,True,False,False,"{""full_m01"": {""status"": ""action"", ""actions"": 1, ""strict_status_correct"": true, ""wall_ms"": 6611.756900092587, ""estimated_cost_usd"": 0.00034}, ""full_m02"": {""status"": ""action"", ""actions"": 1, ""strict_status_correct"": true, ""wall_ms"": 28335.921100107953, ""estimated_cost_usd"": 0.0014467500000000001}, ""full_m03"": {""status"": ""needs_review"", ""actions"": 0, ""strict_status_correct"": false, ""wall_ms"": 2268.6750998254865, ""estimated_cost_usd"": 0.0015295999999999999}, ""full_m04"": {""status"": ""action"", ""actions"": 1, ""strict_status_correct"": true, ""wall_ms"": 17878.352499683388, ""estimated_cost_usd"": 0.0111075}, ""full_m05"": {""status"": ""action"", ""actions"": 1, ""strict_status_correct"": true, ""wall_ms"": 6874.669100041501, ""estimated_cost_usd"": 0.00544}, ""full_m06"": {""status"": ""action"", ""actions"": 1, ""strict_status_correct"": true, ""wall_ms"": 5428.467400022782, ""estimated_cost_usd"": 0.009248}}","[2268.6750998254865, 28335.921100107953]",
C09,1,6,True,False,False,"{""full_m01"": {""status"": ""action"", ""actions"": 1, ""strict_status_correct"": true, ""wall_ms"": 3538.686499930918, ""estimated_cost_usd"": 0.00033929999999999995}, ""full_m02"": {""status"": ""action"", ""actions"": 1, ""strict_status_correct"": true, ""wall_ms"": 36176.818200037815, ""estimated_cost_usd"": 0.0011927}, ""full_m03"": {""status"": ""needs_review"", ""actions"": 0, ""strict_status_correct"": false, ""wall_ms"": 2798.5787998186424, ""estimated_cost_usd"": 0.0019774999999999997}, ""full_m04"": {""status"": ""action"", ""actions"": 1, ""strict_status_correct"": true, ""wall_ms"": 14596.36259987019, ""estimated_cost_usd"": 0.00890475}, ""full_m05"": {""status"": ""action"", ""actions"": 1, ""strict_status_correct"": true, ""wall_ms"": 5699.948100023903, ""estimated_cost_usd"": 0.005906}, ""full_m06"": {""status"": ""action"", ""actions"": 1, ""strict_status_correct"": true, ""wall_ms"": 3726.698899990879, ""estimated_cost_usd"": 0.007764}}","[2798.5787998186424, 36176.818200037815]",
C10,1,6,True,False,False,"{""full_m01"": {""status"": ""action"", ""actions"": 1, ""strict_status_correct"": true, ""wall_ms"": 6053.2579000573605, ""estimated_cost_usd"": 0.00046060000000000003}, ""full_m02"": {""status"": ""action"", ""actions"": 1, ""strict_status_correct"": true, ""wall_ms"": 52417.99510002602, ""estimated_cost_usd"": 0.00222265}, ""full_m03"": {""status"": ""needs_review"", ""actions"": 0, ""strict_status_correct"": false, ""wall_ms"": 3281.1926000285894, ""estimated_cost_usd"": 0.0017505999999999997}, ""full_m04"": {""status"": ""action"", ""actions"": 1, ""strict_status_correct"": true, ""wall_ms"": 22653.749100049026, ""estimated_cost_usd"": 0.011955}, ""full_m05"": {""status"": ""action"", ""actions"": 1, ""strict_status_correct"": true, ""wall_ms"": 7773.790100007318, ""estimated_cost_usd"": 0.006202}, ""full_m06"": {""status"": ""needs_review"", ""actions"": 0, ""strict_status_correct"": false, ""wall_ms"": 2872.5083000026643, ""estimated_cost_usd"": 0.006582}}","[2872.5083000026643, 52417.99510002602]",
C11,1,6,True,False,False,"{""full_m01"": {""status"": ""action"", ""actions"": 1, ""strict_status_correct"": false, ""wall_ms"": 4584.177499869838, ""estimated_cost_usd"": 0.0003432}, ""full_m02"": {""status"": ""needs_review"", ""actions"": 0, ""strict_status_correct"": true, ""wall_ms"": 27334.107700153254, ""estimated_cost_usd"": null}, ""full_m03"": {""status"": ""needs_review"", ""actions"": 0, ""strict_status_correct"": true, ""wall_ms"": 2899.0663998993114, ""estimated_cost_usd"": 0.0019794}, ""full_m04"": {""status"": ""action"", ""actions"": 1, ""strict_status_correct"": false, ""wall_ms"": 20739.57150010392, ""estimated_cost_usd"": 0.01226175}, ""full_m05"": {""status"": ""action"", ""actions"": 1, ""strict_status_correct"": false, ""wall_ms"": 8730.464999913238, ""estimated_cost_usd"": 0.006804}, ""full_m06"": {""status"": ""action"", ""actions"": 1, ""strict_status_correct"": false, ""wall_ms"": 6699.430100037716, ""estimated_cost_usd"": 0.011358}}","[2899.0663998993114, 27334.107700153254]",
C12,1,6,True,True,True,"{""full_m01"": {""status"": ""needs_review"", ""actions"": 0, ""strict_status_correct"": true, ""wall_ms"": 5455.159199889749, ""estimated_cost_usd"": 0.0003755}, ""full_m02"": {""status"": ""needs_review"", ""actions"": 0, ""strict_status_correct"": true, ""wall_ms"": 40256.54850015417, ""estimated_cost_usd"": 0.00126625}, ""full_m03"": {""status"": ""needs_review"", ""actions"": 0, ""strict_status_correct"": true, ""wall_ms"": 1975.2970000263304, ""estimated_cost_usd"": 0.0013227999999999998}, ""full_m04"": {""status"": ""needs_review"", ""actions"": 0, ""strict_status_correct"": true, ""wall_ms"": 18567.002599942498, ""estimated_cost_usd"": 0.0113475}, ""full_m05"": {""status"": ""needs_review"", ""actions"": 0, ""strict_status_correct"": true, ""wall_ms"": 6474.125399952754, ""estimated_cost_usd"": 0.00499}, ""full_m06"": {""status"": ""needs_review"", ""actions"": 0, ""strict_status_correct"": true, ""wall_ms"": 9948.745199944824, ""estimated_cost_usd"": 0.019794}}","[1975.2970000263304, 40256.54850015417]",
C13,1,6,True,True,True,"{""full_m01"": {""status"": ""needs_review"", ""actions"": 0, ""strict_status_correct"": true, ""wall_ms"": 4096.487500006333, ""estimated_cost_usd"": 0.0003647}, ""full_m02"": {""status"": ""needs_review"", ""actions"": 0, ""strict_status_correct"": true, ""wall_ms"": 59725.62960011419, ""estimated_cost_usd"": 0.0020387}, ""full_m03"": {""status"": ""needs_review"", ""actions"": 0, ""strict_status_correct"": true, ""wall_ms"": 2705.9515001019463, ""estimated_cost_usd"": 0.0021336}, ""full_m04"": {""status"": ""needs_review"", ""actions"": 0, ""strict_status_correct"": true, ""wall_ms"": 18589.154800050892, ""estimated_cost_usd"": 0.0128415}, ""full_m05"": {""status"": ""needs_review"", ""actions"": 0, ""strict_status_correct"": true, ""wall_ms"": 3791.072499938309, ""estimated_cost_usd"": 0.004904}, ""full_m06"": {""status"": ""needs_review"", ""actions"": 0, ""strict_status_correct"": true, ""wall_ms"": 5060.793699929491, ""estimated_cost_usd"": 0.009304}}","[2705.9515001019463, 59725.62960011419]",
E01,1,6,True,False,False,"{""full_m01"": {""status"": ""action"", ""actions"": 1, ""strict_status_correct"": true, ""wall_ms"": 7946.572799934074, ""estimated_cost_usd"": 0.0003788}, ""full_m02"": {""status"": ""action"", ""actions"": 1, ""strict_status_correct"": true, ""wall_ms"": 23632.65590008814, ""estimated_cost_usd"": 0.00147805}, ""full_m03"": {""status"": ""needs_review"", ""actions"": 0, ""strict_status_correct"": false, ""wall_ms"": 2845.2574000693858, ""estimated_cost_usd"": 0.0008998000000000001}, ""full_m04"": {""status"": ""needs_review"", ""actions"": 0, ""strict_status_correct"": false, ""wall_ms"": 22734.551000059582, ""estimated_cost_usd"": 0.01154025}, ""full_m05"": {""status"": ""action"", ""actions"": 1, ""strict_status_correct"": true, ""wall_ms"": 8351.44710005261, ""estimated_cost_usd"": 0.007278}, ""full_m06"": {""status"": ""action"", ""actions"": 1, ""strict_status_correct"": true, ""wall_ms"": 5413.762399810366, ""estimated_cost_usd"": 0.01054}}","[2845.2574000693858, 23632.65590008814]",
E02,1,6,True,False,False,"{""full_m01"": {""status"": ""action"", ""actions"": 1, ""strict_status_correct"": true, ""wall_ms"": 4978.965900023468, ""estimated_cost_usd"": 0.0003731}, ""full_m02"": {""status"": ""action"", ""actions"": 1, ""strict_status_correct"": true, ""wall_ms"": 27713.41359964572, ""estimated_cost_usd"": 0.00136705}, ""full_m03"": {""status"": ""needs_review"", ""actions"": 0, ""strict_status_correct"": false, ""wall_ms"": 2254.3310000328347, ""estimated_cost_usd"": 0.0008775999999999999}, ""full_m04"": {""status"": ""needs_review"", ""actions"": 0, ""strict_status_correct"": false, ""wall_ms"": 16016.444699838758, ""estimated_cost_usd"": 0.008376}, ""full_m05"": {""status"": ""action"", ""actions"": 1, ""strict_status_correct"": true, ""wall_ms"": 9955.41149994824, ""estimated_cost_usd"": 0.00713}, ""full_m06"": {""status"": ""action"", ""actions"": 1, ""strict_status_correct"": true, ""wall_ms"": 5684.895999846049, ""estimated_cost_usd"": 0.01048}}","[2254.3310000328347, 27713.41359964572]",
E03,1,6,True,False,False,"{""full_m01"": {""status"": ""action"", ""actions"": 1, ""strict_status_correct"": true, ""wall_ms"": 6213.745999964885, ""estimated_cost_usd"": 0.0003936999999999999}, ""full_m02"": {""status"": ""action"", ""actions"": 1, ""strict_status_correct"": true, ""wall_ms"": 35843.85010006372, ""estimated_cost_usd"": 0.0015420999999999998}, ""full_m03"": {""status"": ""needs_review"", ""actions"": 0, ""strict_status_correct"": false, ""wall_ms"": 2321.4743999997154, ""estimated_cost_usd"": 0.0008860999999999999}, ""full_m04"": {""status"": ""needs_review"", ""actions"": 0, ""strict_status_correct"": false, ""wall_ms"": 21922.089399886318, ""estimated_cost_usd"": 0.011748749999999999}, ""full_m05"": {""status"": ""action"", ""actions"": 1, ""strict_status_correct"": true, ""wall_ms"": 8436.86700006947, ""estimated_cost_usd"": 0.006926}, ""full_m06"": {""status"": ""action"", ""actions"": 1, ""strict_status_correct"": true, ""wall_ms"": 5087.485099793412, ""estimated_cost_usd"": 0.009998}}","[2321.4743999997154, 35843.85010006372]",
E04,1,6,True,False,False,"{""full_m01"": {""status"": ""no_action"", ""actions"": 0, ""strict_status_correct"": true, ""wall_ms"": 10762.485399958678, ""estimated_cost_usd"": 0.0004479}, ""full_m02"": {""status"": ""needs_review"", ""actions"": 0, ""strict_status_correct"": false, ""wall_ms"": 27963.564699864946, ""estimated_cost_usd"": 0.00181345}, ""full_m03"": {""status"": ""needs_review"", ""actions"": 0, ""strict_status_correct"": false, ""wall_ms"": 2579.4948000693694, ""estimated_cost_usd"": 0.0009593}, ""full_m04"": {""status"": ""needs_review"", ""actions"": 0, ""strict_status_correct"": false, ""wall_ms"": 16524.622500292026, ""estimated_cost_usd"": 0.008092499999999999}, ""full_m05"": {""status"": ""no_action"", ""actions"": 0, ""strict_status_correct"": true, ""wall_ms"": 8255.765400128439, ""estimated_cost_usd"": 0.0059640000000000006}, ""full_m06"": {""status"": ""no_action"", ""actions"": 0, ""strict_status_correct"": true, ""wall_ms"": 8872.386000235565, ""estimated_cost_usd"": 0.012494}}","[2579.4948000693694, 27963.564699864946]",
E05,1,6,True,False,False,"{""full_m01"": {""status"": ""no_action"", ""actions"": 0, ""strict_status_correct"": true, ""wall_ms"": 5666.964699863456, ""estimated_cost_usd"": 0.0003947}, ""full_m02"": {""status"": ""no_action"", ""actions"": 0, ""strict_status_correct"": true, ""wall_ms"": 34181.36959988624, ""estimated_cost_usd"": 0.00142145}, ""full_m03"": {""status"": ""needs_review"", ""actions"": 0, ""strict_status_correct"": false, ""wall_ms"": 2978.4622999140993, ""estimated_cost_usd"": 0.0011099}, ""full_m04"": {""status"": ""needs_review"", ""actions"": 0, ""strict_status_correct"": false, ""wall_ms"": 18028.14609988127, ""estimated_cost_usd"": 0.00916725}, ""full_m05"": {""status"": ""no_action"", ""actions"": 0, ""strict_status_correct"": true, ""wall_ms"": 8397.968400153331, ""estimated_cost_usd"": 0.0057339999999999995}, ""full_m06"": {""status"": ""no_action"", ""actions"": 0, ""strict_status_correct"": true, ""wall_ms"": 6985.9843999147415, ""estimated_cost_usd"": 0.01086}}","[2978.4622999140993, 34181.36959988624]",
E06,1,6,True,False,False,"{""full_m01"": {""status"": ""action"", ""actions"": 1, ""strict_status_correct"": true, ""wall_ms"": 6815.079999854788, ""estimated_cost_usd"": 0.0003937}, ""full_m02"": {""status"": ""needs_review"", ""actions"": 0, ""strict_status_correct"": false, ""wall_ms"": 54637.72280002013, ""estimated_cost_usd"": 0.00154095}, ""full_m03"": {""status"": ""needs_review"", ""actions"": 0, ""strict_status_correct"": false, ""wall_ms"": 2948.4320998890325, ""estimated_cost_usd"": 0.00101}, ""full_m04"": {""status"": ""needs_review"", ""actions"": 0, ""strict_status_correct"": false, ""wall_ms"": 18302.851300220937, ""estimated_cost_usd"": 0.009539249999999999}, ""full_m05"": {""status"": ""action"", ""actions"": 1, ""strict_status_correct"": true, ""wall_ms"": 10474.197500036098, ""estimated_cost_usd"": 0.007148}, ""full_m06"": {""status"": ""action"", ""actions"": 1, ""strict_status_correct"": true, ""wall_ms"": 5669.340100022964, ""estimated_cost_usd"": 0.010584}}","[2948.4320998890325, 54637.72280002013]",
E07,1,6,True,False,False,"{""full_m01"": {""status"": ""action"", ""actions"": 1, ""strict_status_correct"": true, ""wall_ms"": 7272.989499848336, ""estimated_cost_usd"": 0.00039039999999999995}, ""full_m02"": {""status"": ""action"", ""actions"": 1, ""strict_status_correct"": true, ""wall_ms"": 41869.388899882324, ""estimated_cost_usd"": 0.00123015}, ""full_m03"": {""status"": ""needs_review"", ""actions"": 0, ""strict_status_correct"": false, ""wall_ms"": 2997.815099894069, ""estimated_cost_usd"": 0.0010762999999999999}, ""full_m04"": {""status"": ""needs_review"", ""actions"": 0, ""strict_status_correct"": false, ""wall_ms"": 19278.338200063445, ""estimated_cost_usd"": 0.01068675}, ""full_m05"": {""status"": ""action"", ""actions"": 1, ""strict_status_correct"": true, ""wall_ms"": 12281.731299939565, ""estimated_cost_usd"": 0.007116}, ""full_m06"": {""status"": ""action"", ""actions"": 1, ""strict_status_correct"": true, ""wall_ms"": 5475.8909998927265, ""estimated_cost_usd"": 0.010332}}","[2997.815099894069, 41869.388899882324]",
E08,1,6,True,False,False,"{""full_m01"": {""status"": ""action"", ""actions"": 1, ""strict_status_correct"": true, ""wall_ms"": 5346.897899988107, ""estimated_cost_usd"": 0.00040459999999999997}, ""full_m02"": {""status"": ""needs_review"", ""actions"": 0, ""strict_status_correct"": false, ""wall_ms"": 41948.728399933316, ""estimated_cost_usd"": 0.0014783}, ""full_m03"": {""status"": ""needs_review"", ""actions"": 0, ""strict_status_correct"": false, ""wall_ms"": 2869.307499960996, ""estimated_cost_usd"": 0.001019}, ""full_m04"": {""status"": ""needs_review"", ""actions"": 0, ""strict_status_correct"": false, ""wall_ms"": 25305.806400021538, ""estimated_cost_usd"": 0.0129225}, ""full_m05"": {""status"": ""action"", ""actions"": 1, ""strict_status_correct"": true, ""wall_ms"": 12689.767299918458, ""estimated_cost_usd"": 0.0077280000000000005}, ""full_m06"": {""status"": ""action"", ""actions"": 1, ""strict_status_correct"": true, ""wall_ms"": 5726.000100024976, ""estimated_cost_usd"": 0.011162}}","[2869.307499960996, 41948.728399933316]",
E09,1,6,True,False,False,"{""full_m01"": {""status"": ""no_action"", ""actions"": 0, ""strict_status_correct"": true, ""wall_ms"": 10510.329199954867, ""estimated_cost_usd"": 0.0004698}, ""full_m02"": {""status"": ""needs_review"", ""actions"": 0, ""strict_status_correct"": false, ""wall_ms"": 68116.22630024794, ""estimated_cost_usd"": 0.002206}, ""full_m03"": {""status"": ""needs_review"", ""actions"": 0, ""strict_status_correct"": false, ""wall_ms"": 2726.4572998974472, ""estimated_cost_usd"": 0.0012485}, ""full_m04"": {""status"": ""needs_review"", ""actions"": 0, ""strict_status_correct"": false, ""wall_ms"": 19294.306599884294, ""estimated_cost_usd"": 0.0092415}, ""full_m05"": {""status"": ""no_action"", ""actions"": 0, ""strict_status_correct"": true, ""wall_ms"": 11573.32339999266, ""estimated_cost_usd"": 0.006938}, ""full_m06"": {""status"": ""no_action"", ""actions"": 0, ""strict_status_correct"": true, ""wall_ms"": 8136.031499947421, ""estimated_cost_usd"": 0.013304}}","[2726.4572998974472, 68116.22630024794]",
E10,1,6,True,False,False,"{""full_m01"": {""status"": ""no_action"", ""actions"": 0, ""strict_status_correct"": true, ""wall_ms"": 5614.741199999116, ""estimated_cost_usd"": 0.00034999999999999994}, ""full_m02"": {""status"": ""no_action"", ""actions"": 0, ""strict_status_correct"": true, ""wall_ms"": 17561.814999906346, ""estimated_cost_usd"": 0.0007593}, ""full_m03"": {""status"": ""needs_review"", ""actions"": 0, ""strict_status_correct"": false, ""wall_ms"": 2412.923999945633, ""estimated_cost_usd"": 0.0009994}, ""full_m04"": {""status"": ""needs_review"", ""actions"": 0, ""strict_status_correct"": false, ""wall_ms"": 20095.297200023197, ""estimated_cost_usd"": 0.0098355}, ""full_m05"": {""status"": ""no_action"", ""actions"": 0, ""strict_status_correct"": true, ""wall_ms"": 7123.040900100023, ""estimated_cost_usd"": 0.006228}, ""full_m06"": {""status"": ""no_action"", ""actions"": 0, ""strict_status_correct"": true, ""wall_ms"": 5590.574100031517, ""estimated_cost_usd"": 0.009552}}","[2412.923999945633, 20095.297200023197]",
N01,1,6,True,False,False,"{""full_m01"": {""status"": ""no_action"", ""actions"": 0, ""strict_status_correct"": true, ""wall_ms"": 3565.407700021751, ""estimated_cost_usd"": 0.0001883}, ""full_m02"": {""status"": ""no_action"", ""actions"": 0, ""strict_status_correct"": true, ""wall_ms"": 10891.512700123712, ""estimated_cost_usd"": 0.00047379999999999997}, ""full_m03"": {""status"": ""needs_review"", ""actions"": 0, ""strict_status_correct"": false, ""wall_ms"": 2108.1154998391867, ""estimated_cost_usd"": 0.0013611}, ""full_m04"": {""status"": ""no_action"", ""actions"": 0, ""strict_status_correct"": true, ""wall_ms"": 8770.898800110444, ""estimated_cost_usd"": 0.00493125}, ""full_m05"": {""status"": ""no_action"", ""actions"": 0, ""strict_status_correct"": true, ""wall_ms"": 2653.328499989584, ""estimated_cost_usd"": 0.003196}, ""full_m06"": {""status"": ""no_action"", ""actions"": 0, ""strict_status_correct"": true, ""wall_ms"": 2387.8169001545757, ""estimated_cost_usd"": 0.005236}}","[2108.1154998391867, 10891.512700123712]",
N02,1,6,True,False,False,"{""full_m01"": {""status"": ""no_action"", ""actions"": 0, ""strict_status_correct"": true, ""wall_ms"": 1689.6518000867218, ""estimated_cost_usd"": 0.0001826}, ""full_m02"": {""status"": ""no_action"", ""actions"": 0, ""strict_status_correct"": true, ""wall_ms"": 2882.1523999795318, ""estimated_cost_usd"": 0.00042564999999999997}, ""full_m03"": {""status"": ""needs_review"", ""actions"": 0, ""strict_status_correct"": false, ""wall_ms"": 2671.7350999824703, ""estimated_cost_usd"": 0.0016151}, ""full_m04"": {""status"": ""no_action"", ""actions"": 0, ""strict_status_correct"": true, ""wall_ms"": 9081.123000010848, ""estimated_cost_usd"": 0.0055095000000000005}, ""full_m05"": {""status"": ""no_action"", ""actions"": 0, ""strict_status_correct"": true, ""wall_ms"": 3205.6189000140876, ""estimated_cost_usd"": 0.003592}, ""full_m06"": {""status"": ""no_action"", ""actions"": 0, ""strict_status_correct"": true, ""wall_ms"": 2293.87130017858, ""estimated_cost_usd"": 0.005504}}","[1689.6518000867218, 9081.123000010848]",
N03,1,6,True,False,False,"{""full_m01"": {""status"": ""no_action"", ""actions"": 0, ""strict_status_correct"": true, ""wall_ms"": 3104.139000060968, ""estimated_cost_usd"": 0.0001736}, ""full_m02"": {""status"": ""needs_review"", ""actions"": 0, ""strict_status_correct"": false, ""wall_ms"": 8198.38389987126, ""estimated_cost_usd"": 0.000767}, ""full_m03"": {""status"": ""needs_review"", ""actions"": 0, ""strict_status_correct"": false, ""wall_ms"": 2215.76220006682, ""estimated_cost_usd"": 0.0013093999999999998}, ""full_m04"": {""status"": ""no_action"", ""actions"": 0, ""strict_status_correct"": true, ""wall_ms"": 9656.566300196573, ""estimated_cost_usd"": 0.00528975}, ""full_m05"": {""status"": ""no_action"", ""actions"": 0, ""strict_status_correct"": true, ""wall_ms"": 2572.1149999881163, ""estimated_cost_usd"": 0.003052}, ""full_m06"": {""status"": ""no_action"", ""actions"": 0, ""strict_status_correct"": true, ""wall_ms"": 2288.995600072667, ""estimated_cost_usd"": 0.004916}}","[2215.76220006682, 9656.566300196573]",
N04,1,6,True,False,False,"{""full_m01"": {""status"": ""no_action"", ""actions"": 0, ""strict_status_correct"": true, ""wall_ms"": 2986.627700040117, ""estimated_cost_usd"": 0.00018489999999999997}, ""full_m02"": {""status"": ""no_action"", ""actions"": 0, ""strict_status_correct"": true, ""wall_ms"": 9684.414700022899, ""estimated_cost_usd"": 0.0007744}, ""full_m03"": {""status"": ""needs_review"", ""actions"": 0, ""strict_status_correct"": false, ""wall_ms"": 2226.2996999779716, ""estimated_cost_usd"": 0.0013325}, ""full_m04"": {""status"": ""no_action"", ""actions"": 0, ""strict_status_correct"": true, ""wall_ms"": 8936.489099869505, ""estimated_cost_usd"": 0.00490725}, ""full_m05"": {""status"": ""no_action"", ""actions"": 0, ""strict_status_correct"": true, ""wall_ms"": 3252.0362000213936, ""estimated_cost_usd"": 0.003148}, ""full_m06"": {""status"": ""no_action"", ""actions"": 0, ""strict_status_correct"": true, ""wall_ms"": 2279.666900052689, ""estimated_cost_usd"": 0.004998}}","[2226.2996999779716, 9684.414700022899]",
N05,1,6,True,False,False,"{""full_m01"": {""status"": ""no_action"", ""actions"": 0, ""strict_status_correct"": true, ""wall_ms"": 2297.8369999909773, ""estimated_cost_usd"": 0.0002173}, ""full_m02"": {""status"": ""no_action"", ""actions"": 0, ""strict_status_correct"": true, ""wall_ms"": 11901.837299927138, ""estimated_cost_usd"": 0.00096635}, ""full_m03"": {""status"": ""needs_review"", ""actions"": 0, ""strict_status_correct"": false, ""wall_ms"": 2775.4490999504924, ""estimated_cost_usd"": 0.0016075999999999998}, ""full_m04"": {""status"": ""no_action"", ""actions"": 0, ""strict_status_correct"": true, ""wall_ms"": 10472.621199907735, ""estimated_cost_usd"": 0.006201750000000001}, ""full_m05"": {""status"": ""no_action"", ""actions"": 0, ""strict_status_correct"": true, ""wall_ms"": 4918.342199991457, ""estimated_cost_usd"": 0.004356}, ""full_m06"": {""status"": ""no_action"", ""actions"": 0, ""strict_status_correct"": true, ""wall_ms"": 2522.4196000490338, ""estimated_cost_usd"": 0.005516}}","[2297.8369999909773, 11901.837299927138]",
N06,1,6,True,False,False,"{""full_m01"": {""status"": ""no_action"", ""actions"": 0, ""strict_status_correct"": true, ""wall_ms"": 2456.4879999961704, ""estimated_cost_usd"": 0.00020979999999999998}, ""full_m02"": {""status"": ""no_action"", ""actions"": 0, ""strict_status_correct"": true, ""wall_ms"": 15433.248099987395, ""estimated_cost_usd"": 0.0010305000000000002}, ""full_m03"": {""status"": ""needs_review"", ""actions"": 0, ""strict_status_correct"": false, ""wall_ms"": 2595.3463999321684, ""estimated_cost_usd"": 0.0015218999999999999}, ""full_m04"": {""status"": ""no_action"", ""actions"": 0, ""strict_status_correct"": true, ""wall_ms"": 11223.556599928997, ""estimated_cost_usd"": 0.00621975}, ""full_m05"": {""status"": ""no_action"", ""actions"": 0, ""strict_status_correct"": true, ""wall_ms"": 3785.1433999603614, ""estimated_cost_usd"": 0.003456}, ""full_m06"": {""status"": ""no_action"", ""actions"": 0, ""strict_status_correct"": true, ""wall_ms"": 2649.5732000330463, ""estimated_cost_usd"": 0.005792}}","[2456.4879999961704, 15433.248099987395]",
N07,1,6,True,False,False,"{""full_m01"": {""status"": ""no_action"", ""actions"": 0, ""strict_status_correct"": true, ""wall_ms"": 1913.1404999643564, ""estimated_cost_usd"": 0.0001958}, ""full_m02"": {""status"": ""no_action"", ""actions"": 0, ""strict_status_correct"": true, ""wall_ms"": 9398.765500169247, ""estimated_cost_usd"": 0.00097815}, ""full_m03"": {""status"": ""needs_review"", ""actions"": 0, ""strict_status_correct"": false, ""wall_ms"": 2304.5192999998108, ""estimated_cost_usd"": 0.0013996}, ""full_m04"": {""status"": ""no_action"", ""actions"": 0, ""strict_status_correct"": true, ""wall_ms"": 9940.798500087112, ""estimated_cost_usd"": 0.005348250000000001}, ""full_m05"": {""status"": ""no_action"", ""actions"": 0, ""strict_status_correct"": true, ""wall_ms"": 3476.7135999863967, ""estimated_cost_usd"": 0.003346}, ""full_m06"": {""status"": ""no_action"", ""actions"": 0, ""strict_status_correct"": true, ""wall_ms"": 2260.4087999789044, ""estimated_cost_usd"": 0.005268}}","[1913.1404999643564, 9940.798500087112]",
N08,1,6,True,False,False,"{""full_m01"": {""status"": ""no_action"", ""actions"": 0, ""strict_status_correct"": true, ""wall_ms"": 2370.1238001231104, ""estimated_cost_usd"": 0.00021339999999999998}, ""full_m02"": {""status"": ""no_action"", ""actions"": 0, ""strict_status_correct"": true, ""wall_ms"": 15029.394800076261, ""estimated_cost_usd"": 0.00116535}, ""full_m03"": {""status"": ""needs_review"", ""actions"": 0, ""strict_status_correct"": false, ""wall_ms"": 2874.94439992588, ""estimated_cost_usd"": 0.0014385000000000001}, ""full_m04"": {""status"": ""no_action"", ""actions"": 0, ""strict_status_correct"": true, ""wall_ms"": 9132.678300025873, ""estimated_cost_usd"": 0.005136}, ""full_m05"": {""status"": ""no_action"", ""actions"": 0, ""strict_status_correct"": true, ""wall_ms"": 2622.762799845077, ""estimated_cost_usd"": 0.003558}, ""full_m06"": {""status"": ""no_action"", ""actions"": 0, ""strict_status_correct"": true, ""wall_ms"": 2529.573999927379, ""estimated_cost_usd"": 0.005694}}","[2370.1238001231104, 15029.394800076261]",
N09,1,6,True,False,False,"{""full_m01"": {""status"": ""no_action"", ""actions"": 0, ""strict_status_correct"": true, ""wall_ms"": 2497.2934998804703, ""estimated_cost_usd"": 0.0002416}, ""full_m02"": {""status"": ""no_action"", ""actions"": 0, ""strict_status_correct"": true, ""wall_ms"": 8553.13039990142, ""estimated_cost_usd"": 0.0006049}, ""full_m03"": {""status"": ""needs_review"", ""actions"": 0, ""strict_status_correct"": false, ""wall_ms"": 2592.769000097178, ""estimated_cost_usd"": 0.0015252999999999998}, ""full_m04"": {""status"": ""no_action"", ""actions"": 0, ""strict_status_correct"": true, ""wall_ms"": 11243.392899865285, ""estimated_cost_usd"": 0.0064395}, ""full_m05"": {""status"": ""no_action"", ""actions"": 0, ""strict_status_correct"": true, ""wall_ms"": 3325.3425000002608, ""estimated_cost_usd"": 0.004032}, ""full_m06"": {""status"": ""no_action"", ""actions"": 0, ""strict_status_correct"": true, ""wall_ms"": 2888.3824000367895, ""estimated_cost_usd"": 0.006216}}","[2497.2934998804703, 11243.392899865285]",
N10,1,6,True,False,False,"{""full_m01"": {""status"": ""no_action"", ""actions"": 0, ""strict_status_correct"": true, ""wall_ms"": 3726.7772001214325, ""estimated_cost_usd"": 0.0001765}, ""full_m02"": {""status"": ""no_action"", ""actions"": 0, ""strict_status_correct"": true, ""wall_ms"": 8968.710100045428, ""estimated_cost_usd"": 0.00082555}, ""full_m03"": {""status"": ""needs_review"", ""actions"": 0, ""strict_status_correct"": false, ""wall_ms"": 2297.7620001183823, ""estimated_cost_usd"": 0.0015249}, ""full_m04"": {""status"": ""no_action"", ""actions"": 0, ""strict_status_correct"": true, ""wall_ms"": 7622.60509992484, ""estimated_cost_usd"": 0.00447825}, ""full_m05"": {""status"": ""no_action"", ""actions"": 0, ""strict_status_correct"": true, ""wall_ms"": 2987.8161000087857, ""estimated_cost_usd"": 0.00348}, ""full_m06"": {""status"": ""no_action"", ""actions"": 0, ""strict_status_correct"": true, ""wall_ms"": 2244.7866001166403, ""estimated_cost_usd"": 0.005506}}","[2244.7866001166403, 8968.710100045428]",
N11,1,6,True,False,False,"{""full_m01"": {""status"": ""no_action"", ""actions"": 0, ""strict_status_correct"": true, ""wall_ms"": 9065.947799943388, ""estimated_cost_usd"": 0.0002445}, ""full_m02"": {""status"": ""no_action"", ""actions"": 0, ""strict_status_correct"": true, ""wall_ms"": 31560.07949996274, ""estimated_cost_usd"": 0.00057845}, ""full_m03"": {""status"": ""needs_review"", ""actions"": 0, ""strict_status_correct"": false, ""wall_ms"": 2671.458199969493, ""estimated_cost_usd"": 0.0016121999999999998}, ""full_m04"": {""status"": ""no_action"", ""actions"": 0, ""strict_status_correct"": true, ""wall_ms"": 16078.742799931206, ""estimated_cost_usd"": 0.00968475}, ""full_m05"": {""status"": ""no_action"", ""actions"": 0, ""strict_status_correct"": true, ""wall_ms"": 3767.3644000897184, ""estimated_cost_usd"": 0.00385}, ""full_m06"": {""status"": ""no_action"", ""actions"": 0, ""strict_status_correct"": true, ""wall_ms"": 2551.334199961275, ""estimated_cost_usd"": 0.006078}}","[2551.334199961275, 31560.07949996274]",
N12,1,6,True,False,False,"{""full_m01"": {""status"": ""no_action"", ""actions"": 0, ""strict_status_correct"": true, ""wall_ms"": 1595.986200030893, ""estimated_cost_usd"": 0.0001807}, ""full_m02"": {""status"": ""no_action"", ""actions"": 0, ""strict_status_correct"": true, ""wall_ms"": 14109.520100057125, ""estimated_cost_usd"": 0.00037225}, ""full_m03"": {""status"": ""needs_review"", ""actions"": 0, ""strict_status_correct"": false, ""wall_ms"": 2354.7106001060456, ""estimated_cost_usd"": 0.0013300999999999999}, ""full_m04"": {""status"": ""no_action"", ""actions"": 0, ""strict_status_correct"": true, ""wall_ms"": 6696.286000078544, ""estimated_cost_usd"": 0.00420675}, ""full_m05"": {""status"": ""no_action"", ""actions"": 0, ""strict_status_correct"": true, ""wall_ms"": 2721.9357999274507, ""estimated_cost_usd"": 0.003164}, ""full_m06"": {""status"": ""no_action"", ""actions"": 0, ""strict_status_correct"": true, ""wall_ms"": 2066.8220999650657, ""estimated_cost_usd"": 0.004966}}","[1595.986200030893, 14109.520100057125]",
N13,1,6,True,False,False,"{""full_m01"": {""status"": ""no_action"", ""actions"": 0, ""strict_status_correct"": true, ""wall_ms"": 3290.338800055906, ""estimated_cost_usd"": 0.00018769999999999998}, ""full_m02"": {""status"": ""no_action"", ""actions"": 0, ""strict_status_correct"": true, ""wall_ms"": 29302.720900042914, ""estimated_cost_usd"": 0.0010836}, ""full_m03"": {""status"": ""needs_review"", ""actions"": 0, ""strict_status_correct"": false, ""wall_ms"": 2451.028999988921, ""estimated_cost_usd"": 0.0013797}, ""full_m04"": {""status"": ""no_action"", ""actions"": 0, ""strict_status_correct"": true, ""wall_ms"": 10760.622499976307, ""estimated_cost_usd"": 0.005811}, ""full_m05"": {""status"": ""no_action"", ""actions"": 0, ""strict_status_correct"": true, ""wall_ms"": 2321.444100001827, ""estimated_cost_usd"": 0.003164}, ""full_m06"": {""status"": ""no_action"", ""actions"": 0, ""strict_status_correct"": true, ""wall_ms"": 2329.244800028391, ""estimated_cost_usd"": 0.00508}}","[2321.444100001827, 29302.720900042914]",
N14,1,6,True,False,False,"{""full_m01"": {""status"": ""no_action"", ""actions"": 0, ""strict_status_correct"": true, ""wall_ms"": 3319.9645000277087, ""estimated_cost_usd"": 0.0001872}, ""full_m02"": {""status"": ""no_action"", ""actions"": 0, ""strict_status_correct"": true, ""wall_ms"": 16020.181900006719, ""estimated_cost_usd"": 0.0008504999999999999}, ""full_m03"": {""status"": ""needs_review"", ""actions"": 0, ""strict_status_correct"": false, ""wall_ms"": 2943.428400089033, ""estimated_cost_usd"": 0.0014737}, ""full_m04"": {""status"": ""no_action"", ""actions"": 0, ""strict_status_correct"": true, ""wall_ms"": 15935.239700134844, ""estimated_cost_usd"": 0.0084225}, ""full_m05"": {""status"": ""no_action"", ""actions"": 0, ""strict_status_correct"": true, ""wall_ms"": 3240.167999989353, ""estimated_cost_usd"": 0.003394}, ""full_m06"": {""status"": ""no_action"", ""actions"": 0, ""strict_status_correct"": true, ""wall_ms"": 2872.587100137025, ""estimated_cost_usd"": 0.005284}}","[2872.587100137025, 16020.181900006719]",
N15,1,6,True,False,False,"{""full_m01"": {""status"": ""no_action"", ""actions"": 0, ""strict_status_correct"": true, ""wall_ms"": 3959.688299917616, ""estimated_cost_usd"": 0.0001981}, ""full_m02"": {""status"": ""no_action"", ""actions"": 0, ""strict_status_correct"": true, ""wall_ms"": 8073.670699959621, ""estimated_cost_usd"": 0.00045085000000000004}, ""full_m03"": {""status"": ""needs_review"", ""actions"": 0, ""strict_status_correct"": false, ""wall_ms"": 2690.08079986088, ""estimated_cost_usd"": 0.0014283}, ""full_m04"": {""status"": ""no_action"", ""actions"": 0, ""strict_status_correct"": true, ""wall_ms"": 8079.284499865025, ""estimated_cost_usd"": 0.00438}, ""full_m05"": {""status"": ""no_action"", ""actions"": 0, ""strict_status_correct"": true, ""wall_ms"": 2516.570799984038, ""estimated_cost_usd"": 0.003452}, ""full_m06"": {""status"": ""no_action"", ""actions"": 0, ""strict_status_correct"": true, ""wall_ms"": 2374.621299910359, ""estimated_cost_usd"": 0.005646}}","[2374.621299910359, 8079.284499865025]",
S01,1,6,True,False,False,"{""full_m01"": {""status"": ""no_action"", ""actions"": 0, ""strict_status_correct"": true, ""wall_ms"": 3106.4453998114914, ""estimated_cost_usd"": 0.0002786}, ""full_m02"": {""status"": ""no_action"", ""actions"": 0, ""strict_status_correct"": true, ""wall_ms"": 33802.8335000854, ""estimated_cost_usd"": 0.0012742}, ""full_m03"": {""status"": ""needs_review"", ""actions"": 0, ""strict_status_correct"": false, ""wall_ms"": 2921.6156002366915, ""estimated_cost_usd"": 0.0019944}, ""full_m04"": {""status"": ""no_action"", ""actions"": 0, ""strict_status_correct"": true, ""wall_ms"": 12074.662100058049, ""estimated_cost_usd"": 0.00774975}, ""full_m05"": {""status"": ""no_action"", ""actions"": 0, ""strict_status_correct"": true, ""wall_ms"": 5755.072699976154, ""estimated_cost_usd"": 0.004582}, ""full_m06"": {""status"": ""no_action"", ""actions"": 0, ""strict_status_correct"": true, ""wall_ms"": 3006.1332000186667, ""estimated_cost_usd"": 0.00753}}","[2921.6156002366915, 33802.8335000854]",
S02,1,6,True,False,False,"{""full_m01"": {""status"": ""no_action"", ""actions"": 0, ""strict_status_correct"": true, ""wall_ms"": 5021.157100098208, ""estimated_cost_usd"": 0.00028169999999999996}, ""full_m02"": {""status"": ""needs_review"", ""actions"": 0, ""strict_status_correct"": false, ""wall_ms"": 38475.71809985675, ""estimated_cost_usd"": null}, ""full_m03"": {""status"": ""needs_review"", ""actions"": 0, ""strict_status_correct"": false, ""wall_ms"": 2509.0218000113964, ""estimated_cost_usd"": 0.0019817999999999997}, ""full_m04"": {""status"": ""needs_review"", ""actions"": 0, ""strict_status_correct"": false, ""wall_ms"": 21293.241399922408, ""estimated_cost_usd"": 0.014373}, ""full_m05"": {""status"": ""no_action"", ""actions"": 0, ""strict_status_correct"": true, ""wall_ms"": 4740.85289996583, ""estimated_cost_usd"": 0.004924}, ""full_m06"": {""status"": ""no_action"", ""actions"": 0, ""strict_status_correct"": true, ""wall_ms"": 3503.0560998711735, ""estimated_cost_usd"": 0.00759}}","[2509.0218000113964, 38475.71809985675]",
S03,1,6,True,False,False,"{""full_m01"": {""status"": ""no_action"", ""actions"": 0, ""strict_status_correct"": true, ""wall_ms"": 6936.103399959393, ""estimated_cost_usd"": 0.0004337999999999999}, ""full_m02"": {""status"": ""no_action"", ""actions"": 0, ""strict_status_correct"": true, ""wall_ms"": 62065.981800085865, ""estimated_cost_usd"": 0.0012965}, ""full_m03"": {""status"": ""needs_review"", ""actions"": 0, ""strict_status_correct"": false, ""wall_ms"": 3078.0278999591246, ""estimated_cost_usd"": 0.0013096999999999998}, ""full_m04"": {""status"": ""needs_review"", ""actions"": 0, ""strict_status_correct"": false, ""wall_ms"": 18740.694600041024, ""estimated_cost_usd"": 0.00933975}, ""full_m05"": {""status"": ""no_action"", ""actions"": 0, ""strict_status_correct"": true, ""wall_ms"": 8372.09270009771, ""estimated_cost_usd"": 0.008084000000000001}, ""full_m06"": {""status"": ""no_action"", ""actions"": 0, ""strict_status_correct"": true, ""wall_ms"": 6040.025099879131, ""estimated_cost_usd"": 0.012752}}","[3078.0278999591246, 62065.981800085865]",
S04,1,6,True,False,False,"{""full_m01"": {""status"": ""action"", ""actions"": 3, ""strict_status_correct"": true, ""wall_ms"": 7684.284400078468, ""estimated_cost_usd"": 0.00043419999999999993}, ""full_m02"": {""status"": ""needs_review"", ""actions"": 0, ""strict_status_correct"": false, ""wall_ms"": 32751.65280001238, ""estimated_cost_usd"": null}, ""full_m03"": {""status"": ""needs_review"", ""actions"": 0, ""strict_status_correct"": false, ""wall_ms"": 2492.872399976477, ""estimated_cost_usd"": 0.0009511999999999999}, ""full_m04"": {""status"": ""needs_review"", ""actions"": 0, ""strict_status_correct"": false, ""wall_ms"": 23542.17059991788, ""estimated_cost_usd"": 0.01257225}, ""full_m05"": {""status"": ""action"", ""actions"": 3, ""strict_status_correct"": true, ""wall_ms"": 9955.991600174457, ""estimated_cost_usd"": 0.008553999999999999}, ""full_m06"": {""status"": ""action"", ""actions"": 3, ""strict_status_correct"": true, ""wall_ms"": 6008.658300037496, ""estimated_cost_usd"": 0.011418}}","[2492.872399976477, 32751.65280001238]",
S05,1,6,True,False,False,"{""full_m01"": {""status"": ""action"", ""actions"": 2, ""strict_status_correct"": true, ""wall_ms"": 6948.2790001202375, ""estimated_cost_usd"": 0.0004966}, ""full_m02"": {""status"": ""action"", ""actions"": 2, ""strict_status_correct"": true, ""wall_ms"": 22555.303700035438, ""estimated_cost_usd"": 0.00172645}, ""full_m03"": {""status"": ""needs_review"", ""actions"": 0, ""strict_status_correct"": false, ""wall_ms"": 3774.037699913606, ""estimated_cost_usd"": 0.0021831}, ""full_m04"": {""status"": ""needs_review"", ""actions"": 0, ""strict_status_correct"": false, ""wall_ms"": 24066.001200233586, ""estimated_cost_usd"": 0.0131895}, ""full_m05"": {""status"": ""action"", ""actions"": 2, ""strict_status_correct"": true, ""wall_ms"": 17104.293899959885, ""estimated_cost_usd"": 0.010126}, ""full_m06"": {""status"": ""action"", ""actions"": 2, ""strict_status_correct"": true, ""wall_ms"": 7580.077599850483, ""estimated_cost_usd"": 0.015428}}","[3774.037699913606, 24066.001200233586]",
S06,1,6,True,True,True,"{""full_m01"": {""status"": ""needs_review"", ""actions"": 0, ""strict_status_correct"": true, ""wall_ms"": 8706.458100001328, ""estimated_cost_usd"": 0.0004074}, ""full_m02"": {""status"": ""needs_review"", ""actions"": 0, ""strict_status_correct"": true, ""wall_ms"": 45304.77130005602, ""estimated_cost_usd"": 0.0019017}, ""full_m03"": {""status"": ""needs_review"", ""actions"": 0, ""strict_status_correct"": true, ""wall_ms"": 3416.2218996789306, ""estimated_cost_usd"": 0.0017154000000000002}, ""full_m04"": {""status"": ""needs_review"", ""actions"": 0, ""strict_status_correct"": true, ""wall_ms"": 23546.80440016091, ""estimated_cost_usd"": 0.0116355}, ""full_m05"": {""status"": ""needs_review"", ""actions"": 0, ""strict_status_correct"": true, ""wall_ms"": 7954.205200076103, ""estimated_cost_usd"": 0.007797999999999999}, ""full_m06"": {""status"": ""needs_review"", ""actions"": 0, ""strict_status_correct"": true, ""wall_ms"": 7152.456599986181, ""estimated_cost_usd"": 0.0123}}","[3416.2218996789306, 45304.77130005602]",
S07,1,6,True,False,False,"{""full_m01"": {""status"": ""action"", ""actions"": 1, ""strict_status_correct"": true, ""wall_ms"": 6556.453499943018, ""estimated_cost_usd"": 0.00036949999999999993}, ""full_m02"": {""status"": ""action"", ""actions"": 1, ""strict_status_correct"": true, ""wall_ms"": 20673.61910000909, ""estimated_cost_usd"": 0.0011307499999999998}, ""full_m03"": {""status"": ""needs_review"", ""actions"": 0, ""strict_status_correct"": false, ""wall_ms"": 2864.907200098969, ""estimated_cost_usd"": 0.0009619000000000001}, ""full_m04"": {""status"": ""needs_review"", ""actions"": 0, ""strict_status_correct"": false, ""wall_ms"": 17078.47670011688, ""estimated_cost_usd"": 0.008163}, ""full_m05"": {""status"": ""action"", ""actions"": 1, ""strict_status_correct"": true, ""wall_ms"": 7606.903799925931, ""estimated_cost_usd"": 0.006576}, ""full_m06"": {""status"": ""action"", ""actions"": 1, ""strict_status_correct"": true, ""wall_ms"": 5615.927699953318, ""estimated_cost_usd"": 0.010228000000000001}}","[2864.907200098969, 20673.61910000909]",
S08,1,6,True,True,True,"{""full_m01"": {""status"": ""needs_review"", ""actions"": 0, ""strict_status_correct"": true, ""wall_ms"": 1946.7349998885766, ""estimated_cost_usd"": 0.0001267}, ""full_m02"": {""status"": ""needs_review"", ""actions"": 0, ""strict_status_correct"": true, ""wall_ms"": 14659.497199812904, ""estimated_cost_usd"": 0.00038385000000000003}, ""full_m03"": {""status"": ""needs_review"", ""actions"": 0, ""strict_status_correct"": true, ""wall_ms"": 2651.0892999358475, ""estimated_cost_usd"": 0.001084}, ""full_m04"": {""status"": ""needs_review"", ""actions"": 0, ""strict_status_correct"": true, ""wall_ms"": 8021.312900003977, ""estimated_cost_usd"": 0.00385575}, ""full_m05"": {""status"": ""needs_review"", ""actions"": 0, ""strict_status_correct"": true, ""wall_ms"": 2964.0589999035, ""estimated_cost_usd"": 0.002224}, ""full_m06"": {""status"": ""needs_review"", ""actions"": 0, ""strict_status_correct"": true, ""wall_ms"": 2664.365699980408, ""estimated_cost_usd"": 0.003836}}","[1946.7349998885766, 14659.497199812904]",
S09,1,6,True,False,False,"{""full_m01"": {""status"": ""action"", ""actions"": 1, ""strict_status_correct"": true, ""wall_ms"": 4572.629799949937, ""estimated_cost_usd"": 0.0003625}, ""full_m02"": {""status"": ""action"", ""actions"": 1, ""strict_status_correct"": true, ""wall_ms"": 50545.868300134316, ""estimated_cost_usd"": 0.00137095}, ""full_m03"": {""status"": ""needs_review"", ""actions"": 0, ""strict_status_correct"": false, ""wall_ms"": 2399.2776001105085, ""estimated_cost_usd"": 0.0011067}, ""full_m04"": {""status"": ""needs_review"", ""actions"": 0, ""strict_status_correct"": false, ""wall_ms"": 18110.156500013545, ""estimated_cost_usd"": 0.00859575}, ""full_m05"": {""status"": ""action"", ""actions"": 1, ""strict_status_correct"": true, ""wall_ms"": 7829.017500160262, ""estimated_cost_usd"": 0.007094}, ""full_m06"": {""status"": ""action"", ""actions"": 1, ""strict_status_correct"": true, ""wall_ms"": 6718.331900192425, ""estimated_cost_usd"": 0.010804000000000001}}","[2399.2776001105085, 50545.868300134316]",
S10,1,6,True,True,True,"{""full_m01"": {""status"": ""needs_review"", ""actions"": 0, ""strict_status_correct"": true, ""wall_ms"": 3750.0403000740334, ""estimated_cost_usd"": 0.000224}, ""full_m02"": {""status"": ""needs_review"", ""actions"": 0, ""strict_status_correct"": true, ""wall_ms"": 12073.263799888082, ""estimated_cost_usd"": 0.00043910000000000005}, ""full_m03"": {""status"": ""needs_review"", ""actions"": 0, ""strict_status_correct"": true, ""wall_ms"": 2585.074700182304, ""estimated_cost_usd"": 0.0014778}, ""full_m04"": {""status"": ""needs_review"", ""actions"": 0, ""strict_status_correct"": true, ""wall_ms"": 13140.027000103146, ""estimated_cost_usd"": 0.00681075}, ""full_m05"": {""status"": ""needs_review"", ""actions"": 0, ""strict_status_correct"": true, ""wall_ms"": 3789.5082001341507, ""estimated_cost_usd"": 0.00336}, ""full_m06"": {""status"": ""needs_review"", ""actions"": 0, ""strict_status_correct"": true, ""wall_ms"": 2970.238799927756, ""estimated_cost_usd"": 0.00592}}","[2585.074700182304, 13140.027000103146]",
