arm,trial,case_id,prediction,gold,ownership_currentness,commitment_faithful,expected_task_units,proposed_task_units,matched_task_units,deadline_correct,evidence_supports_meaning,review_appropriate,reviewer,note
rules,1,N01,"{""status"": ""no_action"", ""actions"": [], ""reason"": null, ""evidence"": []}","{""status"": ""no_action"", ""action"": null, ""deadline"": null, ""deadline_kind"": ""none"", ""evidence"": []}",,,,,,,,,,
rules,1,N02,"{""status"": ""no_action"", ""actions"": [], ""reason"": null, ""evidence"": []}","{""status"": ""no_action"", ""action"": null, ""deadline"": null, ""deadline_kind"": ""none"", ""evidence"": []}",,,,,,,,,,
rules,1,N03,"{""status"": ""no_action"", ""actions"": [], ""reason"": null, ""evidence"": []}","{""status"": ""no_action"", ""action"": null, ""deadline"": null, ""deadline_kind"": ""none"", ""evidence"": []}",,,,,,,,,,
rules,1,N04,"{""status"": ""no_action"", ""actions"": [], ""reason"": null, ""evidence"": []}","{""status"": ""no_action"", ""action"": null, ""deadline"": null, ""deadline_kind"": ""none"", ""evidence"": []}",,,,,,,,,,
rules,1,N05,"{""status"": ""no_action"", ""actions"": [], ""reason"": null, ""evidence"": []}","{""status"": ""no_action"", ""action"": null, ""deadline"": null, ""deadline_kind"": ""none"", ""evidence"": []}",,,,,,,,,,
rules,1,N06,"{""status"": ""no_action"", ""actions"": [], ""reason"": null, ""evidence"": []}","{""status"": ""no_action"", ""action"": null, ""deadline"": null, ""deadline_kind"": ""none"", ""evidence"": []}",,,,,,,,,,
rules,1,N07,"{""status"": ""no_action"", ""actions"": [], ""reason"": null, ""evidence"": []}","{""status"": ""no_action"", ""action"": null, ""deadline"": null, ""deadline_kind"": ""none"", ""evidence"": []}",,,,,,,,,,
rules,1,N08,"{""status"": ""no_action"", ""actions"": [], ""reason"": null, ""evidence"": []}","{""status"": ""no_action"", ""action"": null, ""deadline"": null, ""deadline_kind"": ""none"", ""evidence"": []}",,,,,,,,,,
rules,1,N09,"{""status"": ""no_action"", ""actions"": [], ""reason"": null, ""evidence"": []}","{""status"": ""no_action"", ""action"": null, ""deadline"": null, ""deadline_kind"": ""none"", ""evidence"": []}",,,,,,,,,,
rules,1,N10,"{""status"": ""no_action"", ""actions"": [], ""reason"": null, ""evidence"": []}","{""status"": ""no_action"", ""action"": null, ""deadline"": null, ""deadline_kind"": ""none"", ""evidence"": []}",,,,,,,,,,
rules,1,N11,"{""status"": ""no_action"", ""actions"": [], ""reason"": null, ""evidence"": []}","{""status"": ""no_action"", ""action"": null, ""deadline"": null, ""deadline_kind"": ""none"", ""evidence"": []}",,,,,,,,,,
rules,1,N12,"{""status"": ""no_action"", ""actions"": [], ""reason"": null, ""evidence"": []}","{""status"": ""no_action"", ""action"": null, ""deadline"": null, ""deadline_kind"": ""none"", ""evidence"": []}",,,,,,,,,,
rules,1,N13,"{""status"": ""no_action"", ""actions"": [], ""reason"": null, ""evidence"": []}","{""status"": ""no_action"", ""action"": null, ""deadline"": null, ""deadline_kind"": ""none"", ""evidence"": []}",,,,,,,,,,
rules,1,N14,"{""status"": ""no_action"", ""actions"": [], ""reason"": null, ""evidence"": []}","{""status"": ""no_action"", ""action"": null, ""deadline"": null, ""deadline_kind"": ""none"", ""evidence"": []}",,,,,,,,,,
rules,1,N15,"{""status"": ""no_action"", ""actions"": [], ""reason"": null, ""evidence"": []}","{""status"": ""no_action"", ""action"": null, ""deadline"": null, ""deadline_kind"": ""none"", ""evidence"": []}",,,,,,,,,,
rules,1,A01,"{""status"": ""action"", ""actions"": [{""kind"": ""perform_task"", ""text"": ""Respond to the request in the email."", ""deadline"": null, ""evidence"": [{""source_id"": ""body"", ""quote"": ""Raetta, would you please work with Richard and have him do the same process you have""}]}], ""reason"": null, ""evidence"": [{""source_id"": ""body"", ""quote"": ""Raetta, would you please work with Richard and have him do the same process you have""}]}","{""status"": ""action"", ""action"": ""Work with Richard to apply the NNG collection process."", ""deadline"": null, ""deadline_kind"": ""none"", ""evidence"": [{""source_id"": ""body"", ""quote"": ""Raetta, would you please work with Richard and have him do the same process you have""}]}",,,,,,,,,,
rules,1,A16,"{""status"": ""action"", ""actions"": [{""kind"": ""perform_task"", ""text"": ""Respond to the request in the email."", ""deadline"": null, ""evidence"": [{""source_id"": ""body"", ""quote"": ""Alex, please approve invoice INV-104. Separately, update the public website's contact page.""}]}], ""reason"": null, ""evidence"": [{""source_id"": ""body"", ""quote"": ""Alex, please approve invoice INV-104. Separately, update the public website's contact page.""}]}","{""status"": ""action"", ""actions"": [{""kind"": ""perform_task"", ""text"": ""Approve invoice INV-104."", ""deadline"": null, ""evidence"": [{""source_id"": ""body"", ""quote"": ""Alex, please approve invoice INV-104.""}]}, {""kind"": ""perform_task"", ""text"": ""Update the public website's contact page."", ""deadline"": null, ""evidence"": [{""source_id"": ""body"", ""quote"": ""Separately, update the public website's contact page.""}]}], ""reason"": ""The newest message assigns Alex two independently completable tasks."", ""evidence"": [{""source_id"": ""body"", ""quote"": ""Alex, please approve invoice INV-104.""}, {""source_id"": ""body"", ""quote"": ""Separately, update the public website's contact page.""}]}",,,,,,,,,,
rules,1,A03,"{""status"": ""action"", ""actions"": [{""kind"": ""perform_task"", ""text"": ""Respond to the request in the email."", ""deadline"": null, ""evidence"": [{""source_id"": ""body"", ""quote"": ""Fran, do you have an updated org chart that I could send to the Measurement group?""}]}], ""reason"": null, ""evidence"": [{""source_id"": ""body"", ""quote"": ""Fran, do you have an updated org chart that I could send to the Measurement group?""}]}","{""status"": ""action"", ""action"": ""Tell Lynn whether an updated organization chart is available."", ""deadline"": null, ""deadline_kind"": ""none"", ""evidence"": [{""source_id"": ""body"", ""quote"": ""Fran, do you have an updated org chart that I could send to the Measurement group?""}]}",,,,,,,,,,
rules,1,A17,"{""status"": ""no_action"", ""actions"": [], ""reason"": null, ""evidence"": []}","{""status"": ""needs_review"", ""action"": null, ""deadline"": null, ""deadline_kind"": ""none"", ""evidence"": []}",,,,,,,,,,
rules,1,A18,"{""status"": ""action"", ""actions"": [{""kind"": ""perform_task"", ""text"": ""Respond to the request in the email."", ""deadline"": null, ""evidence"": [{""source_id"": ""body"", ""quote"": ""Alex, please file the form we discussed. I cannot recall whether it was the tax form or the vendor form.""}]}], ""reason"": null, ""evidence"": [{""source_id"": ""body"", ""quote"": ""Alex, please file the form we discussed. I cannot recall whether it was the tax form or the vendor form.""}]}","{""status"": ""needs_review"", ""action"": null, ""deadline"": null, ""deadline_kind"": ""none"", ""evidence"": []}",,,,,,,,,,
rules,1,A06,"{""status"": ""action"", ""actions"": [{""kind"": ""perform_task"", ""text"": ""Respond to the request in the email."", ""deadline"": null, ""evidence"": [{""source_id"": ""body"", ""quote"": ""Can you confirm that the listed Liquid Payments Netting Agreements would not apply to power-related receivables held by Enron Power Marketing, Inc.?""}]}], ""reason"": null, ""evidence"": [{""source_id"": ""body"", ""quote"": ""Can you confirm that the listed Liquid Payments Netting Agreements would not apply to power-related receivables held by Enron Power Marketing, Inc.?""}]}","{""status"": ""action"", ""action"": ""Confirm whether the listed agreements exclude the power-related receivables."", ""deadline"": null, ""deadline_kind"": ""none"", ""evidence"": [{""source_id"": ""body"", ""quote"": ""Can you confirm that the listed Liquid Payments Netting Agreements would not apply to power-related receivables""}]}",,,,,,,,,,
rules,1,A19,"{""status"": ""action"", ""actions"": [{""kind"": ""perform_task"", ""text"": ""Respond to the request in the email."", ""deadline"": null, ""evidence"": [{""source_id"": ""body"", ""quote"": ""Whoever owns the vendor account, please approve its renewal. I do not know whether that is Alex or Sam.""}]}], ""reason"": null, ""evidence"": [{""source_id"": ""body"", ""quote"": ""Whoever owns the vendor account, please approve its renewal. I do not know whether that is Alex or Sam.""}]}","{""status"": ""needs_review"", ""action"": null, ""deadline"": null, ""deadline_kind"": ""none"", ""evidence"": []}",,,,,,,,,,
rules,1,A08,"{""status"": ""action"", ""actions"": [{""kind"": ""perform_task"", ""text"": ""Respond to the request in the email."", ""deadline"": null, ""evidence"": [{""source_id"": ""body"", ""quote"": ""Can you run this mini-book and get back to me as soon as possible.""}]}], ""reason"": null, ""evidence"": [{""source_id"": ""body"", ""quote"": ""Can you run this mini-book and get back to me as soon as possible.""}]}","{""status"": ""action"", ""action"": ""Run the mini-book and report back."", ""deadline"": null, ""deadline_kind"": ""vague"", ""evidence"": [{""source_id"": ""body"", ""quote"": ""Can you run this mini-book and get back to me as soon as possible.""}]}",,,,,,,,,,
rules,1,A09,"{""status"": ""action"", ""actions"": [{""kind"": ""perform_task"", ""text"": ""Respond to the request in the email."", ""deadline"": null, ""evidence"": [{""source_id"": ""body"", ""quote"": ""Who is in and who is out? We need to know today, so if you are out we can get a replacement. Everyone, please respond yes or no. Thanks.""}]}], ""reason"": null, ""evidence"": [{""source_id"": ""body"", ""quote"": ""Who is in and who is out? We need to know today, so if you are out we can get a replacement. Everyone, please respond yes or no. Thanks.""}]}","{""status"": ""action"", ""action"": ""Reply yes or no about attending poker night."", ""deadline"": null, ""deadline_kind"": ""relative_unresolvable"", ""evidence"": [{""source_id"": ""body"", ""quote"": ""Everyone, please respond yes or no.""}]}",,,,,,,,,,
rules,1,A20,"{""status"": ""action"", ""actions"": [{""kind"": ""perform_task"", ""text"": ""Respond to the request in the email."", ""deadline"": null, ""evidence"": [{""source_id"": ""body"", ""quote"": ""Alex, please approve invoice INV-140. I may have swapped the invoice numbers in the subject and body; please use the correct one.""}]}], ""reason"": null, ""evidence"": [{""source_id"": ""body"", ""quote"": ""Alex, please approve invoice INV-140. I may have swapped the invoice numbers in the subject and body; please use the correct one.""}]}","{""status"": ""needs_review"", ""action"": null, ""deadline"": null, ""deadline_kind"": ""none"", ""evidence"": []}",,,,,,,,,,
rules,1,A11,"{""status"": ""action"", ""actions"": [{""kind"": ""perform_task"", ""text"": ""Respond to the request in the email."", ""deadline"": null, ""evidence"": [{""source_id"": ""body"", ""quote"": ""Thanks.  Please insure that the curves have been marked back to 12/1/01.  If you have any questions, please ask.""}]}], ""reason"": null, ""evidence"": [{""source_id"": ""body"", ""quote"": ""Thanks.  Please insure that the curves have been marked back to 12/1/01.  If you have any questions, please ask.""}]}","{""status"": ""action"", ""action"": ""Ensure the curves are marked back to December 1, 2001."", ""deadline"": null, ""deadline_kind"": ""none"", ""evidence"": [{""source_id"": ""body"", ""quote"": ""Please insure that the curves have been marked back to 12/1/01.""}]}",,,,,,,,,,
rules,1,A21,"{""status"": ""action"", ""actions"": [{""kind"": ""perform_task"", ""text"": ""Respond to the request in the email."", ""deadline"": null, ""evidence"": [{""source_id"": ""body"", ""quote"": ""Alex, please send the completed compliance checklist by 2 October 2026.""}]}], ""reason"": null, ""evidence"": [{""source_id"": ""body"", ""quote"": ""Alex, please send the completed compliance checklist by 2 October 2026.""}]}","{""status"": ""action"", ""action"": ""Send the completed compliance checklist."", ""deadline"": ""2026-10-02"", ""deadline_kind"": ""exact"", ""evidence"": [{""source_id"": ""body"", ""quote"": ""Alex, please send the completed compliance checklist by 2 October 2026.""}]}",,,,,,,,,,
rules,1,A22,"{""status"": ""action"", ""actions"": [{""kind"": ""perform_task"", ""text"": ""Respond to the request in the email."", ""deadline"": null, ""evidence"": [{""source_id"": ""body"", ""quote"": ""Alex, please confirm the quarterly access list by 3 October 2026 at 16:00 Singapore time.""}]}], ""reason"": null, ""evidence"": [{""source_id"": ""body"", ""quote"": ""Alex, please confirm the quarterly access list by 3 October 2026 at 16:00 Singapore time.""}]}","{""status"": ""action"", ""action"": ""Confirm the quarterly access list."", ""deadline"": ""2026-10-03T16:00:00+08:00"", ""deadline_kind"": ""exact"", ""evidence"": [{""source_id"": ""body"", ""quote"": ""Alex, please confirm the quarterly access list by 3 October 2026 at 16:00 Singapore time.""}]}",,,,,,,,,,
rules,1,A23,"{""status"": ""action"", ""actions"": [{""kind"": ""perform_task"", ""text"": ""Respond to the request in the email."", ""deadline"": null, ""evidence"": [{""source_id"": ""body"", ""quote"": ""Alex, please send the corrected agenda tomorrow.""}]}], ""reason"": null, ""evidence"": [{""source_id"": ""body"", ""quote"": ""Alex, please send the corrected agenda tomorrow.""}]}","{""status"": ""action"", ""action"": ""Send the corrected agenda."", ""deadline"": ""2026-09-30"", ""deadline_kind"": ""relative_resolvable"", ""evidence"": [{""source_id"": ""body"", ""quote"": ""Alex, please send the corrected agenda tomorrow.""}]}",,,,,,,,,,
rules,1,A24,"{""status"": ""action"", ""actions"": [{""kind"": ""perform_task"", ""text"": ""Respond to the request in the email."", ""deadline"": null, ""evidence"": [{""source_id"": ""body"", ""quote"": ""Alex, please upload the revised schedule by tomorrow at 10:00 Singapore time.""}]}], ""reason"": null, ""evidence"": [{""source_id"": ""body"", ""quote"": ""Alex, please upload the revised schedule by tomorrow at 10:00 Singapore time.""}]}","{""status"": ""action"", ""action"": ""Upload the revised schedule."", ""deadline"": ""2026-09-30T10:00:00+08:00"", ""deadline_kind"": ""relative_resolvable"", ""evidence"": [{""source_id"": ""body"", ""quote"": ""Alex, please upload the revised schedule by tomorrow at 10:00 Singapore time.""}]}",,,,,,,,,,
rules,1,C11,"{""status"": ""action"", ""actions"": [{""kind"": ""perform_task"", ""text"": ""Respond to the request in the email."", ""deadline"": null, ""evidence"": [{""source_id"": ""body"", ""quote"": ""1:30pm sounds fine. Where do you sit?""}]}], ""reason"": null, ""evidence"": [{""source_id"": ""body"", ""quote"": ""1:30pm sounds fine. Where do you sit?""}]}","{""status"": ""needs_review"", ""action"": null, ""deadline"": null, ""deadline_kind"": ""none"", ""evidence"": []}",,,,,,,,,,
rules,1,C02,"{""status"": ""action"", ""actions"": [{""kind"": ""perform_task"", ""text"": ""Respond to the request in the email."", ""deadline"": null, ""evidence"": [{""source_id"": ""body"", ""quote"": ""Please restore the below referenced file as requested.  If you have any questions, please""}]}], ""reason"": null, ""evidence"": [{""source_id"": ""body"", ""quote"": ""Please restore the below referenced file as requested.  If you have any questions, please""}]}","{""status"": ""action"", ""action"": ""Restore the storage summary file identified in the thread."", ""deadline"": null, ""deadline_kind"": ""none"", ""evidence"": [{""source_id"": ""body"", ""quote"": ""Please restore the below referenced file as requested.""}, {""source_id"": ""thread:2"", ""quote"": ""Please restore it from 12/28/01 tape backup and restore it to the same location.""}]}",,,,,,,,,,
rules,1,C03,"{""status"": ""no_action"", ""actions"": [], ""reason"": null, ""evidence"": []}","{""status"": ""action"", ""action"": ""Update Lynn on the East of Belleville allocation issue."", ""deadline"": null, ""deadline_kind"": ""none"", ""evidence"": [{""source_id"": ""body"", ""quote"": ""John, where are we on this item?""}]}",,,,,,,,,,
rules,1,C04,"{""status"": ""action"", ""actions"": [{""kind"": ""perform_task"", ""text"": ""Respond to the request in the email."", ""deadline"": null, ""evidence"": [{""source_id"": ""body"", ""quote"": ""Karen:  Did we send this release out today? (I haven't found it, if we did).  If we have not sent out, but may do so later, would you include me on the distribution?  These kind of releases have a huge impact on the legal representation and advice  that I am asked to give Enron and its executive management on a daily basis.  Thanks for your help, and have a great weekend.  Rex.""}]}], ""reason"": null, ""evidence"": [{""source_id"": ""body"", ""quote"": ""Karen:  Did we send this release out today? (I haven't found it, if we did).  If we have not sent out, but may do so later, would you include me on the distribution?  These kind of releases have a huge impact on the legal representation and advice  that I am asked to give Enron and its executive management on a daily basis.  Thanks for your help, and have a great weekend.  Rex.""}]}","{""status"": ""no_action"", ""action"": null, ""deadline"": null, ""deadline_kind"": ""none"", ""evidence"": []}",,,,,,,,,,
rules,1,C13,"{""status"": ""action"", ""actions"": [{""kind"": ""perform_task"", ""text"": ""Respond to the request in the email."", ""deadline"": null, ""evidence"": [{""source_id"": ""body"", ""quote"": ""I am sure that I have accidentally left off someone that should receive a copy of this, if so please forward it.  Legal will be providing a \""Contract 101\"" class at some point to discuss these documents as well as Masters, GISB's, etc.  Please review this material and provide me with any material comments that you may have.  I will aggregate any comments and coordinate with legal.""}]}], ""reason"": null, ""evidence"": [{""source_id"": ""body"", ""quote"": ""I am sure that I have accidentally left off someone that should receive a copy of this, if so please forward it.  Legal will be providing a \""Contract 101\"" class at some point to discuss these documents as well as Masters, GISB's, etc.  Please review this material and provide me with any material comments that you may have.  I will aggregate any comments and coordinate with legal.""}]}","{""status"": ""needs_review"", ""action"": null, ""deadline"": null, ""deadline_kind"": ""none"", ""evidence"": []}",,,,,,,,,,
rules,1,C06,"{""status"": ""no_action"", ""actions"": [], ""reason"": null, ""evidence"": []}","{""status"": ""action"", ""action"": ""Advise Sara whether the September 27 account opening is unexpected."", ""deadline"": null, ""deadline_kind"": ""none"", ""evidence"": [{""source_id"": ""body"", ""quote"": ""Marie:  Does this sound weird opening the account on Sept. 27?""}]}",,,,,,,,,,
rules,1,C12,"{""status"": ""no_action"", ""actions"": [], ""reason"": null, ""evidence"": []}","{""status"": ""needs_review"", ""action"": null, ""deadline"": null, ""deadline_kind"": ""vague"", ""evidence"": []}",,,,,,,,,,
rules,1,C08,"{""status"": ""no_action"", ""actions"": [], ""reason"": null, ""evidence"": []}","{""status"": ""action"", ""action"": ""Correct the FERC response reference to gas logistics if it has not been filed."", ""deadline"": null, ""deadline_kind"": ""none"", ""evidence"": [{""source_id"": ""body"", ""quote"": ""If you haven't filed yet - the reference should be to gas logistics and not market services.""}]}",,,,,,,,,,
rules,1,C09,"{""status"": ""no_action"", ""actions"": [], ""reason"": null, ""evidence"": []}","{""status"": ""action"", ""action"": ""Provide an answer about the impact of WIC maintenance described in the thread."", ""deadline"": null, ""deadline_kind"": ""none"", ""evidence"": [{""source_id"": ""body"", ""quote"": ""Jay,\nDo we have an answer for this?""}]}",,,,,,,,,,
rules,1,C10,"{""status"": ""no_action"", ""actions"": [], ""reason"": null, ""evidence"": []}","{""status"": ""action"", ""action"": ""Respond with an update on the unresolved Duke contract amendment request."", ""deadline"": null, ""deadline_kind"": ""none"", ""evidence"": [{""source_id"": ""body"", ""quote"": ""we are waiting to hear from Darrell on this one.""}, {""source_id"": ""thread:1"", ""quote"": ""Is this an official request to amend their contract, or will they send that later?""}]}",,,,,,,,,,
rules,1,E01,"{""status"": ""needs_review"", ""actions"": [], ""reason"": ""External content was not read"", ""evidence"": []}","{""status"": ""action"", ""action"": ""Approve invoice INV-104."", ""deadline"": ""2026-10-01"", ""deadline_kind"": ""exact"", ""evidence"": [{""source_id"": ""attachment:1"", ""quote"": ""Alex, please approve invoice INV-104 by 2026-10-01.""}]}",,,,,,,,,,
rules,1,E02,"{""status"": ""needs_review"", ""actions"": [], ""reason"": ""External content was not read"", ""evidence"": []}","{""status"": ""action"", ""action"": ""Send Maya the signed handover form."", ""deadline"": ""2026-10-02"", ""deadline_kind"": ""exact"", ""evidence"": [{""source_id"": ""attachment:1"", ""quote"": ""Alex, send the signed handover form to Maya by 2026-10-02.""}]}",,,,,,,,,,
rules,1,E03,"{""status"": ""needs_review"", ""actions"": [], ""reason"": ""External content was not read"", ""evidence"": []}","{""status"": ""action"", ""action"": ""Confirm the access list."", ""deadline"": ""2026-10-03"", ""deadline_kind"": ""exact"", ""evidence"": [{""source_id"": ""attachment:1"", ""quote"": ""Alex, confirm the access list by 2026-10-03.""}]}",,,,,,,,,,
rules,1,E04,"{""status"": ""needs_review"", ""actions"": [], ""reason"": ""External content was not read"", ""evidence"": []}","{""status"": ""no_action"", ""action"": null, ""deadline"": null, ""deadline_kind"": ""none"", ""evidence"": []}",,,,,,,,,,
rules,1,E05,"{""status"": ""needs_review"", ""actions"": [], ""reason"": ""External content was not read"", ""evidence"": []}","{""status"": ""no_action"", ""action"": null, ""deadline"": null, ""deadline_kind"": ""none"", ""evidence"": []}",,,,,,,,,,
rules,1,E06,"{""status"": ""needs_review"", ""actions"": [], ""reason"": ""External content was not read"", ""evidence"": []}","{""status"": ""action"", ""action"": ""Upload the final launch checklist."", ""deadline"": ""2026-10-01"", ""deadline_kind"": ""exact"", ""evidence"": [{""source_id"": ""link:1"", ""quote"": ""Alex, upload the final launch checklist by 2026-10-01.""}]}",,,,,,,,,,
rules,1,E07,"{""status"": ""needs_review"", ""actions"": [], ""reason"": ""External content was not read"", ""evidence"": []}","{""status"": ""action"", ""action"": ""Send Maya the updated budget."", ""deadline"": ""2026-10-02"", ""deadline_kind"": ""exact"", ""evidence"": [{""source_id"": ""link:1"", ""quote"": ""Alex, send the updated budget to Maya by 2026-10-02.""}]}",,,,,,,,,,
rules,1,E08,"{""status"": ""needs_review"", ""actions"": [], ""reason"": ""External content was not read"", ""evidence"": []}","{""status"": ""action"", ""action"": ""Acknowledge the audit finding."", ""deadline"": ""2026-10-03"", ""deadline_kind"": ""exact"", ""evidence"": [{""source_id"": ""link:1"", ""quote"": ""Alex, acknowledge the audit finding by 2026-10-03.""}]}",,,,,,,,,,
rules,1,E09,"{""status"": ""needs_review"", ""actions"": [], ""reason"": ""External content was not read"", ""evidence"": []}","{""status"": ""no_action"", ""action"": null, ""deadline"": null, ""deadline_kind"": ""none"", ""evidence"": []}",,,,,,,,,,
rules,1,E10,"{""status"": ""needs_review"", ""actions"": [], ""reason"": ""External content was not read"", ""evidence"": []}","{""status"": ""no_action"", ""action"": null, ""deadline"": null, ""deadline_kind"": ""none"", ""evidence"": []}",,,,,,,,,,
rules,1,S01,"{""status"": ""no_action"", ""actions"": [], ""reason"": null, ""evidence"": []}","{""status"": ""no_action"", ""actions"": [], ""review_reason"": null}",,,,,,,,,,
rules,1,S02,"{""status"": ""no_action"", ""actions"": [], ""reason"": null, ""evidence"": []}","{""status"": ""no_action"", ""actions"": [], ""review_reason"": null}",,,,,,,,,,
rules,1,S03,"{""status"": ""action"", ""actions"": [{""kind"": ""perform_task"", ""text"": ""Respond to the request in the email."", ""deadline"": null, ""evidence"": [{""source_id"": ""body"", ""quote"": ""Attached is the Bushton Balance through November 25, 2001. The report reflect volumes running long for gasdays November 21st through November 25th.   If there are any questions, please call me at (713) 853 -6600.""}]}], ""reason"": null, ""evidence"": [{""source_id"": ""body"", ""quote"": ""Attached is the Bushton Balance through November 25, 2001. The report reflect volumes running long for gasdays November 21st through November 25th.   If there are any questions, please call me at (713) 853 -6600.""}]}","{""status"": ""no_action"", ""actions"": [], ""review_reason"": null}",,,,,,,,,,
rules,1,S04,"{""status"": ""needs_review"", ""actions"": [], ""reason"": ""External content was not read"", ""evidence"": []}","{""status"": ""action"", ""actions"": [{""kind"": ""perform_task"", ""text"": ""Alex, approve the travel budget."", ""deadline"": null, ""evidence"": [{""source_id"": ""attachment:1"", ""quote"": ""Alex, approve the travel budget.""}]}, {""kind"": ""perform_task"", ""text"": ""Alex, book the review room."", ""deadline"": null, ""evidence"": [{""source_id"": ""attachment:1"", ""quote"": ""Alex, book the review room.""}]}, {""kind"": ""answer_question"", ""text"": ""Confirm projector availability."", ""deadline"": null, ""evidence"": [{""source_id"": ""attachment:1"", ""quote"": ""Alex, confirm projector availability.""}]}], ""review_reason"": null}",,,,,,,,,,
rules,1,S05,"{""status"": ""needs_review"", ""actions"": [], ""reason"": ""External content was not read"", ""evidence"": []}","{""status"": ""action"", ""actions"": [{""kind"": ""perform_task"", ""text"": ""Alex, send the project estimate."", ""deadline"": null, ""evidence"": [{""source_id"": ""attachment:1"", ""quote"": ""Alex, send the project estimate.""}]}, {""kind"": ""perform_task"", ""text"": ""Alex, approve the design change."", ""deadline"": null, ""evidence"": [{""source_id"": ""attachment:2"", ""quote"": ""Alex, approve the design change.""}]}], ""review_reason"": null}",,,,,,,,,,
rules,1,S06,"{""status"": ""needs_review"", ""actions"": [], ""reason"": ""External content was not read"", ""evidence"": []}","{""status"": ""needs_review"", ""actions"": [], ""review_reason"": ""Document and page instructions conflict without a current authoritative version.""}",,,,,,,,,,
rules,1,S07,"{""status"": ""needs_review"", ""actions"": [], ""reason"": ""External content was not read"", ""evidence"": []}","{""status"": ""action"", ""actions"": [{""kind"": ""perform_task"", ""text"": ""Send the budget summary."", ""deadline"": null, ""evidence"": [{""source_id"": ""body"", ""quote"": ""Alex, please send the budget summary.""}]}], ""review_reason"": null}",,,,,,,,,,
rules,1,S08,"{""status"": ""needs_review"", ""actions"": [], ""reason"": ""External content was not read"", ""evidence"": []}","{""status"": ""needs_review"", ""actions"": [], ""review_reason"": ""The decisive workbook is malformed and unreadable.""}",,,,,,,,,,
rules,1,S09,"{""status"": ""needs_review"", ""actions"": [], ""reason"": ""External content was not read"", ""evidence"": []}","{""status"": ""action"", ""actions"": [{""kind"": ""perform_task"", ""text"": ""Send the test report."", ""deadline"": null, ""evidence"": [{""source_id"": ""attachment:1"", ""quote"": ""Alex, send the test report.""}]}], ""review_reason"": null}",,,,,,,,,,
rules,1,S10,"{""status"": ""action"", ""actions"": [{""kind"": ""perform_task"", ""text"": ""Respond to the request in the email."", ""deadline"": null, ""evidence"": [{""source_id"": ""body"", ""quote"": ""Alex, please approve invoice INV-104. Separately, update the public website contact page. Also book the laboratory review room. Finally, send the weekly staffing report.""}]}], ""reason"": null, ""evidence"": [{""source_id"": ""body"", ""quote"": ""Alex, please approve invoice INV-104. Separately, update the public website contact page. Also book the laboratory review room. Finally, send the weekly staffing report.""}]}","{""status"": ""needs_review"", ""actions"": [], ""review_reason"": ""Four independently completable tasks exceed the three-action limit; no task may be silently dropped.""}",,,,,,,,,,
